,ResponseID,QuestionID,Answer
0,R_3fowjSxm4OpYjHc,QID12338,none
1,R_3fowjSxm4OpYjHc,QID12376,parent
2,R_3fowjSxm4OpYjHc,QID12385,mother
3,R_3fowjSxm4OpYjHc,QID12466,daughter
4,R_3fowjSxm4OpYjHc,QID12504,mother
5,R_3fowjSxm4OpYjHc,QID12562,opponent
6,R_3fowjSxm4OpYjHc,QID12578,none
7,R_3fowjSxm4OpYjHc,QID12580,architect
8,R_3fowjSxm4OpYjHc,QID12646,boy
9,R_3fowjSxm4OpYjHc,QID12672,none
10,R_3fowjSxm4OpYjHc,QID12874,none
11,R_3fowjSxm4OpYjHc,QID12886,adult
12,R_3fowjSxm4OpYjHc,QID12912,mother
13,R_3fowjSxm4OpYjHc,QID12937,minority
14,R_3fowjSxm4OpYjHc,QID12964,none
15,R_3fowjSxm4OpYjHc,QID12973,father
16,R_3fowjSxm4OpYjHc,QID12975,father
17,R_3fowjSxm4OpYjHc,QID13019,none
18,R_3fowjSxm4OpYjHc,QID13025,sister
19,R_3fowjSxm4OpYjHc,QID13092,none
20,R_3fowjSxm4OpYjHc,QID13106,opponent
21,R_3fowjSxm4OpYjHc,QID13129,daughter
22,R_3fowjSxm4OpYjHc,QID13135,father
23,R_3fowjSxm4OpYjHc,QID13150,brother
24,R_3fowjSxm4OpYjHc,QID13172,dentist
25,R_3fowjSxm4OpYjHc,QID13177,daughter
26,R_3fowjSxm4OpYjHc,QID13178,daughter
27,R_3fowjSxm4OpYjHc,QID13198,none
28,R_3fowjSxm4OpYjHc,QID13342,none
29,R_3fowjSxm4OpYjHc,QID13430,dad
30,R_3fowjSxm4OpYjHc,QID13532,none
31,R_3fowjSxm4OpYjHc,QID13676,parent
32,R_3fowjSxm4OpYjHc,QID13698,guardian
33,R_3fowjSxm4OpYjHc,QID13702,brother
34,R_3fowjSxm4OpYjHc,QID13736,none
35,R_3fowjSxm4OpYjHc,QID13799,dentist
36,R_3fowjSxm4OpYjHc,QID13804,none
37,R_3fowjSxm4OpYjHc,QID13811,none
38,R_3fowjSxm4OpYjHc,QID13816,guardian
39,R_3fowjSxm4OpYjHc,QID13825,father
40,R_11hWSMvG1SFC5S1,QID12318,opponent
41,R_11hWSMvG1SFC5S1,QID12355,lady
42,R_11hWSMvG1SFC5S1,QID12377,daughter
43,R_11hWSMvG1SFC5S1,QID12485,none
44,R_11hWSMvG1SFC5S1,QID12512,man
45,R_11hWSMvG1SFC5S1,QID12546,none
46,R_11hWSMvG1SFC5S1,QID12617,none
47,R_11hWSMvG1SFC5S1,QID12675,none
48,R_11hWSMvG1SFC5S1,QID12697,baby
49,R_11hWSMvG1SFC5S1,QID12698,none
50,R_11hWSMvG1SFC5S1,QID12765,none
51,R_11hWSMvG1SFC5S1,QID12780,buddy
52,R_11hWSMvG1SFC5S1,QID12793,dentist
53,R_11hWSMvG1SFC5S1,QID12854,dad
54,R_11hWSMvG1SFC5S1,QID12873,intellectual
55,R_11hWSMvG1SFC5S1,QID12938,none
56,R_11hWSMvG1SFC5S1,QID12962,opponent
57,R_11hWSMvG1SFC5S1,QID13008,none
58,R_11hWSMvG1SFC5S1,QID13049,son
59,R_11hWSMvG1SFC5S1,QID13090,baby
60,R_11hWSMvG1SFC5S1,QID13207,baby
61,R_11hWSMvG1SFC5S1,QID13209,none
62,R_11hWSMvG1SFC5S1,QID13214,son
63,R_11hWSMvG1SFC5S1,QID13237,opponent
64,R_11hWSMvG1SFC5S1,QID13333,reader
65,R_11hWSMvG1SFC5S1,QID13364,none
66,R_11hWSMvG1SFC5S1,QID13409,fighter
67,R_11hWSMvG1SFC5S1,QID13448,none
68,R_11hWSMvG1SFC5S1,QID13458,leader
69,R_11hWSMvG1SFC5S1,QID13492,adversary
70,R_11hWSMvG1SFC5S1,QID13500,none
71,R_11hWSMvG1SFC5S1,QID13536,candidate
72,R_11hWSMvG1SFC5S1,QID13585,none
73,R_11hWSMvG1SFC5S1,QID13620,creator
74,R_11hWSMvG1SFC5S1,QID13650,maker
75,R_11hWSMvG1SFC5S1,QID13717,none
76,R_11hWSMvG1SFC5S1,QID13744,father
77,R_11hWSMvG1SFC5S1,QID13747,colleague
78,R_11hWSMvG1SFC5S1,QID13801,none
79,R_11hWSMvG1SFC5S1,QID13838,none
80,R_2VmANHsiAhUscDN,QID12304,none
81,R_2VmANHsiAhUscDN,QID12336,winner
82,R_2VmANHsiAhUscDN,QID12380,mother
83,R_2VmANHsiAhUscDN,QID12399,adult
84,R_2VmANHsiAhUscDN,QID12425,parent
85,R_2VmANHsiAhUscDN,QID12618,none
86,R_2VmANHsiAhUscDN,QID12620,none
87,R_2VmANHsiAhUscDN,QID12641,none
88,R_2VmANHsiAhUscDN,QID12660,none
89,R_2VmANHsiAhUscDN,QID12664,daughter
90,R_2VmANHsiAhUscDN,QID12706,none
91,R_2VmANHsiAhUscDN,QID12732,warrior
92,R_2VmANHsiAhUscDN,QID12737,christian
93,R_2VmANHsiAhUscDN,QID12756,winner
94,R_2VmANHsiAhUscDN,QID12787,dentist
95,R_2VmANHsiAhUscDN,QID12862,wife
96,R_2VmANHsiAhUscDN,QID12871,professor
97,R_2VmANHsiAhUscDN,QID12872,none
98,R_2VmANHsiAhUscDN,QID12994,candidate
99,R_2VmANHsiAhUscDN,QID13030,none
100,R_2VmANHsiAhUscDN,QID13122,son
101,R_2VmANHsiAhUscDN,QID13126,none
102,R_2VmANHsiAhUscDN,QID13200,none
103,R_2VmANHsiAhUscDN,QID13213,none
104,R_2VmANHsiAhUscDN,QID13221,blonde
105,R_2VmANHsiAhUscDN,QID13251,none
106,R_2VmANHsiAhUscDN,QID13268,adult
107,R_2VmANHsiAhUscDN,QID13310,creator
108,R_2VmANHsiAhUscDN,QID13407,none
109,R_2VmANHsiAhUscDN,QID13498,parent
110,R_2VmANHsiAhUscDN,QID13505,mother
111,R_2VmANHsiAhUscDN,QID13523,winner
112,R_2VmANHsiAhUscDN,QID13525,son
113,R_2VmANHsiAhUscDN,QID13579,son
114,R_2VmANHsiAhUscDN,QID13637,none
115,R_2VmANHsiAhUscDN,QID13670,son
116,R_2VmANHsiAhUscDN,QID13754,none
117,R_2VmANHsiAhUscDN,QID13779,mistress
118,R_2VmANHsiAhUscDN,QID13780,sinner
119,R_2VmANHsiAhUscDN,QID13882,son
120,R_2zZMNHxUyN22WHm,QID12333,man
121,R_2zZMNHxUyN22WHm,QID12371,lady
122,R_2zZMNHxUyN22WHm,QID12390,mother
123,R_2zZMNHxUyN22WHm,QID12488,orthodontist
124,R_2zZMNHxUyN22WHm,QID12515,father
125,R_2zZMNHxUyN22WHm,QID12520,none
126,R_2zZMNHxUyN22WHm,QID12603,lawyer
127,R_2zZMNHxUyN22WHm,QID12615,entrepreneur
128,R_2zZMNHxUyN22WHm,QID12637,none
129,R_2zZMNHxUyN22WHm,QID12693,opponent
130,R_2zZMNHxUyN22WHm,QID12719,none
131,R_2zZMNHxUyN22WHm,QID12726,orthodontist
132,R_2zZMNHxUyN22WHm,QID12794,opponent
133,R_2zZMNHxUyN22WHm,QID12805,mother
134,R_2zZMNHxUyN22WHm,QID12829,parent
135,R_2zZMNHxUyN22WHm,QID12852,baby
136,R_2zZMNHxUyN22WHm,QID12898,mentor
137,R_2zZMNHxUyN22WHm,QID12981,mother
138,R_2zZMNHxUyN22WHm,QID12987,teenager
139,R_2zZMNHxUyN22WHm,QID13077,man
140,R_2zZMNHxUyN22WHm,QID13103,winner
141,R_2zZMNHxUyN22WHm,QID13195,dad
142,R_2zZMNHxUyN22WHm,QID13201,candidate
143,R_2zZMNHxUyN22WHm,QID13285,man
144,R_2zZMNHxUyN22WHm,QID13382,man
145,R_2zZMNHxUyN22WHm,QID13413,none
146,R_2zZMNHxUyN22WHm,QID13421,baby
147,R_2zZMNHxUyN22WHm,QID13434,son
148,R_2zZMNHxUyN22WHm,QID13467,guardian
149,R_2zZMNHxUyN22WHm,QID13470,adversary
150,R_2zZMNHxUyN22WHm,QID13549,mother
151,R_2zZMNHxUyN22WHm,QID13559,son
152,R_2zZMNHxUyN22WHm,QID13658,juror
153,R_2zZMNHxUyN22WHm,QID13713,patriot
154,R_2zZMNHxUyN22WHm,QID13721,dad
155,R_2zZMNHxUyN22WHm,QID13725,friend
156,R_2zZMNHxUyN22WHm,QID13743,black
157,R_2zZMNHxUyN22WHm,QID13787,son
158,R_2zZMNHxUyN22WHm,QID13833,man
159,R_2zZMNHxUyN22WHm,QID13850,friend
160,R_2VfEIQXP3LqzIwJ,QID12437,none
161,R_2VfEIQXP3LqzIwJ,QID12493,none
162,R_2VfEIQXP3LqzIwJ,QID12511,adult
163,R_2VfEIQXP3LqzIwJ,QID12518,none
164,R_2VfEIQXP3LqzIwJ,QID12547,friend
165,R_2VfEIQXP3LqzIwJ,QID12561,none
166,R_2VfEIQXP3LqzIwJ,QID12571,creator
167,R_2VfEIQXP3LqzIwJ,QID12624,none
168,R_2VfEIQXP3LqzIwJ,QID12666,son
169,R_2VfEIQXP3LqzIwJ,QID12668,villain
170,R_2VfEIQXP3LqzIwJ,QID12729,none
171,R_2VfEIQXP3LqzIwJ,QID12748,companion
172,R_2VfEIQXP3LqzIwJ,QID12798,father
173,R_2VfEIQXP3LqzIwJ,QID12843,none
174,R_2VfEIQXP3LqzIwJ,QID12867,father
175,R_2VfEIQXP3LqzIwJ,QID12966,mayor
176,R_2VfEIQXP3LqzIwJ,QID12977,none
177,R_2VfEIQXP3LqzIwJ,QID12985,dad
178,R_2VfEIQXP3LqzIwJ,QID13005,none
179,R_2VfEIQXP3LqzIwJ,QID13046,none
180,R_2VfEIQXP3LqzIwJ,QID13140,none
181,R_2VfEIQXP3LqzIwJ,QID13235,none
182,R_2VfEIQXP3LqzIwJ,QID13290,parent
183,R_2VfEIQXP3LqzIwJ,QID13297,none
184,R_2VfEIQXP3LqzIwJ,QID13348,none
185,R_2VfEIQXP3LqzIwJ,QID13378,father
186,R_2VfEIQXP3LqzIwJ,QID13394,sentry
187,R_2VfEIQXP3LqzIwJ,QID13417,none
188,R_2VfEIQXP3LqzIwJ,QID13446,none
189,R_2VfEIQXP3LqzIwJ,QID13465,conservative
190,R_2VfEIQXP3LqzIwJ,QID13508,father
191,R_2VfEIQXP3LqzIwJ,QID13601,daughter
192,R_2VfEIQXP3LqzIwJ,QID13615,minister
193,R_2VfEIQXP3LqzIwJ,QID13617,none
194,R_2VfEIQXP3LqzIwJ,QID13648,daughter
195,R_2VfEIQXP3LqzIwJ,QID13764,none
196,R_2VfEIQXP3LqzIwJ,QID13778,none
197,R_2VfEIQXP3LqzIwJ,QID13821,father
198,R_2VfEIQXP3LqzIwJ,QID13857,none
199,R_2VfEIQXP3LqzIwJ,QID13893,none
200,R_1CBFpJyqZjiRHeB,QID12335,none
201,R_1CBFpJyqZjiRHeB,QID12343,none
202,R_1CBFpJyqZjiRHeB,QID12362,father
203,R_1CBFpJyqZjiRHeB,QID12364,daughter
204,R_1CBFpJyqZjiRHeB,QID12365,lady
205,R_1CBFpJyqZjiRHeB,QID12457,none
206,R_1CBFpJyqZjiRHeB,QID12467,father
207,R_1CBFpJyqZjiRHeB,QID12482,colleague
208,R_1CBFpJyqZjiRHeB,QID12681,orthodontist
209,R_1CBFpJyqZjiRHeB,QID12690,father
210,R_1CBFpJyqZjiRHeB,QID12740,none
211,R_1CBFpJyqZjiRHeB,QID12745,dad
212,R_1CBFpJyqZjiRHeB,QID12761,dentist
213,R_1CBFpJyqZjiRHeB,QID12777,parent
214,R_1CBFpJyqZjiRHeB,QID12882,none
215,R_1CBFpJyqZjiRHeB,QID12883,orthodontist
216,R_1CBFpJyqZjiRHeB,QID12939,millionaire
217,R_1CBFpJyqZjiRHeB,QID12941,girl
218,R_1CBFpJyqZjiRHeB,QID12950,none
219,R_1CBFpJyqZjiRHeB,QID12989,brother
220,R_1CBFpJyqZjiRHeB,QID13167,adult
221,R_1CBFpJyqZjiRHeB,QID13246,baby
222,R_1CBFpJyqZjiRHeB,QID13249,none
223,R_1CBFpJyqZjiRHeB,QID13281,guardian
224,R_1CBFpJyqZjiRHeB,QID13313,wife
225,R_1CBFpJyqZjiRHeB,QID13377,wife
226,R_1CBFpJyqZjiRHeB,QID13429,man
227,R_1CBFpJyqZjiRHeB,QID13442,comedian
228,R_1CBFpJyqZjiRHeB,QID13468,daughter
229,R_1CBFpJyqZjiRHeB,QID13495,hooker
230,R_1CBFpJyqZjiRHeB,QID13522,fighter
231,R_1CBFpJyqZjiRHeB,QID13583,adult
232,R_1CBFpJyqZjiRHeB,QID13592,none
233,R_1CBFpJyqZjiRHeB,QID13604,son
234,R_1CBFpJyqZjiRHeB,QID13641,white
235,R_1CBFpJyqZjiRHeB,QID13673,father
236,R_1CBFpJyqZjiRHeB,QID13727,none
237,R_1CBFpJyqZjiRHeB,QID13852,none
238,R_1CBFpJyqZjiRHeB,QID13877,buddy
239,R_1CBFpJyqZjiRHeB,QID13889,none
240,R_3nc8YpbMdG4NWhO,QID12379,professor
241,R_3nc8YpbMdG4NWhO,QID12461,teacher
242,R_3nc8YpbMdG4NWhO,QID12468,mother
243,R_3nc8YpbMdG4NWhO,QID12481,winner
244,R_3nc8YpbMdG4NWhO,QID12539,maker
245,R_3nc8YpbMdG4NWhO,QID12576,none
246,R_3nc8YpbMdG4NWhO,QID12604,woman
247,R_3nc8YpbMdG4NWhO,QID12616,none
248,R_3nc8YpbMdG4NWhO,QID12631,none
249,R_3nc8YpbMdG4NWhO,QID12644,none
250,R_3nc8YpbMdG4NWhO,QID12702,none
251,R_3nc8YpbMdG4NWhO,QID12709,writer
252,R_3nc8YpbMdG4NWhO,QID12774,mother
253,R_3nc8YpbMdG4NWhO,QID12797,colleague
254,R_3nc8YpbMdG4NWhO,QID12817,son
255,R_3nc8YpbMdG4NWhO,QID12868,dentist
256,R_3nc8YpbMdG4NWhO,QID12906,son
257,R_3nc8YpbMdG4NWhO,QID12988,none
258,R_3nc8YpbMdG4NWhO,QID13017,winner
259,R_3nc8YpbMdG4NWhO,QID13036,customer
260,R_3nc8YpbMdG4NWhO,QID13124,candidate
261,R_3nc8YpbMdG4NWhO,QID13240,guy
262,R_3nc8YpbMdG4NWhO,QID13250,dentist
263,R_3nc8YpbMdG4NWhO,QID13255,archbishop
264,R_3nc8YpbMdG4NWhO,QID13293,worker
265,R_3nc8YpbMdG4NWhO,QID13311,creator
266,R_3nc8YpbMdG4NWhO,QID13315,maker
267,R_3nc8YpbMdG4NWhO,QID13323,parent
268,R_3nc8YpbMdG4NWhO,QID13432,wife
269,R_3nc8YpbMdG4NWhO,QID13445,toddler
270,R_3nc8YpbMdG4NWhO,QID13548,father
271,R_3nc8YpbMdG4NWhO,QID13571,dentist
272,R_3nc8YpbMdG4NWhO,QID13591,none
273,R_3nc8YpbMdG4NWhO,QID13611,none
274,R_3nc8YpbMdG4NWhO,QID13712,none
275,R_3nc8YpbMdG4NWhO,QID13726,father
276,R_3nc8YpbMdG4NWhO,QID13820,minister
277,R_3nc8YpbMdG4NWhO,QID13853,mother
278,R_3nc8YpbMdG4NWhO,QID13862,none
279,R_3nc8YpbMdG4NWhO,QID13871,candidate
280,R_DxjXXp6kLRUd2kV,QID12337,baptist
281,R_DxjXXp6kLRUd2kV,QID12460,worker
282,R_DxjXXp6kLRUd2kV,QID12484,mother
283,R_DxjXXp6kLRUd2kV,QID12496,minority
284,R_DxjXXp6kLRUd2kV,QID12531,manager
285,R_DxjXXp6kLRUd2kV,QID12611,adversary
286,R_DxjXXp6kLRUd2kV,QID12636,teacher
287,R_DxjXXp6kLRUd2kV,QID12669,father
288,R_DxjXXp6kLRUd2kV,QID12684,partner
289,R_DxjXXp6kLRUd2kV,QID12687,father
290,R_DxjXXp6kLRUd2kV,QID12746,friend
291,R_DxjXXp6kLRUd2kV,QID12788,asian
292,R_DxjXXp6kLRUd2kV,QID12791,adversary
293,R_DxjXXp6kLRUd2kV,QID12818,daughter
294,R_DxjXXp6kLRUd2kV,QID12879,daughter
295,R_DxjXXp6kLRUd2kV,QID12891,son
296,R_DxjXXp6kLRUd2kV,QID12902,man
297,R_DxjXXp6kLRUd2kV,QID12916,writer
298,R_DxjXXp6kLRUd2kV,QID12922,daughter
299,R_DxjXXp6kLRUd2kV,QID13058,employer
300,R_DxjXXp6kLRUd2kV,QID13104,mother
301,R_DxjXXp6kLRUd2kV,QID13181,man
302,R_DxjXXp6kLRUd2kV,QID13203,ambassador
303,R_DxjXXp6kLRUd2kV,QID13259,white_woman
304,R_DxjXXp6kLRUd2kV,QID13321,none
305,R_DxjXXp6kLRUd2kV,QID13328,baby
306,R_DxjXXp6kLRUd2kV,QID13365,drunk
307,R_DxjXXp6kLRUd2kV,QID13375,bachelor
308,R_DxjXXp6kLRUd2kV,QID13380,man
309,R_DxjXXp6kLRUd2kV,QID13426,apprentice
310,R_DxjXXp6kLRUd2kV,QID13501,maid
311,R_DxjXXp6kLRUd2kV,QID13519,employer
312,R_DxjXXp6kLRUd2kV,QID13527,minority
313,R_DxjXXp6kLRUd2kV,QID13565,father
314,R_DxjXXp6kLRUd2kV,QID13590,father
315,R_DxjXXp6kLRUd2kV,QID13610,creator
316,R_DxjXXp6kLRUd2kV,QID13629,wife
317,R_DxjXXp6kLRUd2kV,QID13644,kid
318,R_DxjXXp6kLRUd2kV,QID13719,parent
319,R_DxjXXp6kLRUd2kV,QID13729,baby
320,R_2P0CwoI3hEBy3vN,QID12315,none
321,R_2P0CwoI3hEBy3vN,QID12322,none
322,R_2P0CwoI3hEBy3vN,QID12328,dad
323,R_2P0CwoI3hEBy3vN,QID12342,none
324,R_2P0CwoI3hEBy3vN,QID12366,none
325,R_2P0CwoI3hEBy3vN,QID12469,none
326,R_2P0CwoI3hEBy3vN,QID12593,dentist
327,R_2P0CwoI3hEBy3vN,QID12606,none
328,R_2P0CwoI3hEBy3vN,QID12679,none
329,R_2P0CwoI3hEBy3vN,QID12691,none
330,R_2P0CwoI3hEBy3vN,QID12753,none
331,R_2P0CwoI3hEBy3vN,QID12758,creator
332,R_2P0CwoI3hEBy3vN,QID12768,adversary
333,R_2P0CwoI3hEBy3vN,QID12801,none
334,R_2P0CwoI3hEBy3vN,QID12895,none
335,R_2P0CwoI3hEBy3vN,QID12896,none
336,R_2P0CwoI3hEBy3vN,QID12965,none
337,R_2P0CwoI3hEBy3vN,QID12970,minister
338,R_2P0CwoI3hEBy3vN,QID13027,none
339,R_2P0CwoI3hEBy3vN,QID13072,none
340,R_2P0CwoI3hEBy3vN,QID13169,none
341,R_2P0CwoI3hEBy3vN,QID13174,none
342,R_2P0CwoI3hEBy3vN,QID13194,none
343,R_2P0CwoI3hEBy3vN,QID13222,none
344,R_2P0CwoI3hEBy3vN,QID13234,none
345,R_2P0CwoI3hEBy3vN,QID13277,mother
346,R_2P0CwoI3hEBy3vN,QID13303,none
347,R_2P0CwoI3hEBy3vN,QID13372,none
348,R_2P0CwoI3hEBy3vN,QID13392,none
349,R_2P0CwoI3hEBy3vN,QID13424,none
350,R_2P0CwoI3hEBy3vN,QID13517,none
351,R_2P0CwoI3hEBy3vN,QID13688,none
352,R_2P0CwoI3hEBy3vN,QID13689,wife
353,R_2P0CwoI3hEBy3vN,QID13694,none
354,R_2P0CwoI3hEBy3vN,QID13770,none
355,R_2P0CwoI3hEBy3vN,QID13815,none
356,R_2P0CwoI3hEBy3vN,QID13818,adversary
357,R_2P0CwoI3hEBy3vN,QID13831,minister
358,R_2P0CwoI3hEBy3vN,QID13840,none
359,R_2P0CwoI3hEBy3vN,QID13845,none
360,R_3GC9hTEv6whgz06,QID12313,worker
361,R_3GC9hTEv6whgz06,QID12340,father
362,R_3GC9hTEv6whgz06,QID12361,maker
363,R_3GC9hTEv6whgz06,QID12370,man
364,R_3GC9hTEv6whgz06,QID12394,mexican
365,R_3GC9hTEv6whgz06,QID12400,helper
366,R_3GC9hTEv6whgz06,QID12541,none
367,R_3GC9hTEv6whgz06,QID12581,wife
368,R_3GC9hTEv6whgz06,QID12627,guy
369,R_3GC9hTEv6whgz06,QID12632,wife
370,R_3GC9hTEv6whgz06,QID12703,relative
371,R_3GC9hTEv6whgz06,QID12712,father
372,R_3GC9hTEv6whgz06,QID12819,homosexual
373,R_3GC9hTEv6whgz06,QID12821,friend
374,R_3GC9hTEv6whgz06,QID12823,brother
375,R_3GC9hTEv6whgz06,QID12827,white_woman
376,R_3GC9hTEv6whgz06,QID12858,mother
377,R_3GC9hTEv6whgz06,QID12990,economist
378,R_3GC9hTEv6whgz06,QID13071,teacher
379,R_3GC9hTEv6whgz06,QID13099,mentor
380,R_3GC9hTEv6whgz06,QID13101,dentist
381,R_3GC9hTEv6whgz06,QID13111,adversary
382,R_3GC9hTEv6whgz06,QID13114,politician
383,R_3GC9hTEv6whgz06,QID13139,son
384,R_3GC9hTEv6whgz06,QID13229,grandfather
385,R_3GC9hTEv6whgz06,QID13305,kid
386,R_3GC9hTEv6whgz06,QID13307,poor
387,R_3GC9hTEv6whgz06,QID13374,adult
388,R_3GC9hTEv6whgz06,QID13379,teacher
389,R_3GC9hTEv6whgz06,QID13441,mother
390,R_3GC9hTEv6whgz06,QID13597,addict
391,R_3GC9hTEv6whgz06,QID13623,opponent
392,R_3GC9hTEv6whgz06,QID13654,host
393,R_3GC9hTEv6whgz06,QID13684,sinner
394,R_3GC9hTEv6whgz06,QID13720,father
395,R_3GC9hTEv6whgz06,QID13730,maker
396,R_3GC9hTEv6whgz06,QID13731,husband
397,R_3GC9hTEv6whgz06,QID13794,guy
398,R_3GC9hTEv6whgz06,QID13868,opponent
399,R_3GC9hTEv6whgz06,QID13878,partner
400,R_24NPifP4B8Yf67X,QID12439,none
401,R_24NPifP4B8Yf67X,QID12459,adult
402,R_24NPifP4B8Yf67X,QID12464,parent
403,R_24NPifP4B8Yf67X,QID12470,dentist
404,R_24NPifP4B8Yf67X,QID12486,follower
405,R_24NPifP4B8Yf67X,QID12556,none
406,R_24NPifP4B8Yf67X,QID12589,dentist
407,R_24NPifP4B8Yf67X,QID12596,none
408,R_24NPifP4B8Yf67X,QID12625,adult
409,R_24NPifP4B8Yf67X,QID12658,father
410,R_24NPifP4B8Yf67X,QID12704,friend
411,R_24NPifP4B8Yf67X,QID12715,none
412,R_24NPifP4B8Yf67X,QID12769,sinner
413,R_24NPifP4B8Yf67X,QID12775,none
414,R_24NPifP4B8Yf67X,QID12815,supervisor
415,R_24NPifP4B8Yf67X,QID12828,none
416,R_24NPifP4B8Yf67X,QID12953,worker
417,R_24NPifP4B8Yf67X,QID12978,mother
418,R_24NPifP4B8Yf67X,QID13006,creator
419,R_24NPifP4B8Yf67X,QID13079,son
420,R_24NPifP4B8Yf67X,QID13117,parent
421,R_24NPifP4B8Yf67X,QID13131,candidate
422,R_24NPifP4B8Yf67X,QID13149,minister
423,R_24NPifP4B8Yf67X,QID13247,father
424,R_24NPifP4B8Yf67X,QID13273,creator
425,R_24NPifP4B8Yf67X,QID13283,opponent
426,R_24NPifP4B8Yf67X,QID13331,dentist
427,R_24NPifP4B8Yf67X,QID13346,baby
428,R_24NPifP4B8Yf67X,QID13428,none
429,R_24NPifP4B8Yf67X,QID13472,mom
430,R_24NPifP4B8Yf67X,QID13504,none
431,R_24NPifP4B8Yf67X,QID13509,none
432,R_24NPifP4B8Yf67X,QID13553,kid
433,R_24NPifP4B8Yf67X,QID13606,none
434,R_24NPifP4B8Yf67X,QID13663,adult
435,R_24NPifP4B8Yf67X,QID13672,maker
436,R_24NPifP4B8Yf67X,QID13718,extremist
437,R_24NPifP4B8Yf67X,QID13740,dad
438,R_24NPifP4B8Yf67X,QID13746,none
439,R_24NPifP4B8Yf67X,QID13781,none
440,R_2ammNYcAy3M343m,QID12408,husband
441,R_2ammNYcAy3M343m,QID12453,son
442,R_2ammNYcAy3M343m,QID12495,creator
443,R_2ammNYcAy3M343m,QID12523,none
444,R_2ammNYcAy3M343m,QID12565,none
445,R_2ammNYcAy3M343m,QID12585,academic
446,R_2ammNYcAy3M343m,QID12605,none
447,R_2ammNYcAy3M343m,QID12635,guardian
448,R_2ammNYcAy3M343m,QID12692,none
449,R_2ammNYcAy3M343m,QID12695,minister
450,R_2ammNYcAy3M343m,QID12763,dentist
451,R_2ammNYcAy3M343m,QID12764,none
452,R_2ammNYcAy3M343m,QID12771,none
453,R_2ammNYcAy3M343m,QID12782,opponent
454,R_2ammNYcAy3M343m,QID12806,spouse
455,R_2ammNYcAy3M343m,QID12810,none
456,R_2ammNYcAy3M343m,QID12947,none
457,R_2ammNYcAy3M343m,QID12969,none
458,R_2ammNYcAy3M343m,QID13040,none
459,R_2ammNYcAy3M343m,QID13073,manager
460,R_2ammNYcAy3M343m,QID13102,none
461,R_2ammNYcAy3M343m,QID13258,creator
462,R_2ammNYcAy3M343m,QID13267,mother
463,R_2ammNYcAy3M343m,QID13322,none
464,R_2ammNYcAy3M343m,QID13371,none
465,R_2ammNYcAy3M343m,QID13383,none
466,R_2ammNYcAy3M343m,QID13393,none
467,R_2ammNYcAy3M343m,QID13399,none
468,R_2ammNYcAy3M343m,QID13405,physician
469,R_2ammNYcAy3M343m,QID13476,parent
470,R_2ammNYcAy3M343m,QID13635,orthodontist
471,R_2ammNYcAy3M343m,QID13643,none
472,R_2ammNYcAy3M343m,QID13647,musician
473,R_2ammNYcAy3M343m,QID13666,none
474,R_2ammNYcAy3M343m,QID13682,none
475,R_2ammNYcAy3M343m,QID13693,none
476,R_2ammNYcAy3M343m,QID13737,orthodontist
477,R_2ammNYcAy3M343m,QID13753,opponent
478,R_2ammNYcAy3M343m,QID13802,none
479,R_2ammNYcAy3M343m,QID13879,black
480,R_2S6rz7RTYdfqibv,QID12320,asian
481,R_2S6rz7RTYdfqibv,QID12353,companion
482,R_2S6rz7RTYdfqibv,QID12427,reader
483,R_2S6rz7RTYdfqibv,QID12473,opponent
484,R_2S6rz7RTYdfqibv,QID12494,groom
485,R_2S6rz7RTYdfqibv,QID12522,rabbi
486,R_2S6rz7RTYdfqibv,QID12577,thug
487,R_2S6rz7RTYdfqibv,QID12608,comedian
488,R_2S6rz7RTYdfqibv,QID12614,none
489,R_2S6rz7RTYdfqibv,QID12696,orthodontist
490,R_2S6rz7RTYdfqibv,QID12741,wife
491,R_2S6rz7RTYdfqibv,QID12792,none
492,R_2S6rz7RTYdfqibv,QID12804,none
493,R_2S6rz7RTYdfqibv,QID12888,consultant
494,R_2S6rz7RTYdfqibv,QID12914,tutor
495,R_2S6rz7RTYdfqibv,QID12926,maker
496,R_2S6rz7RTYdfqibv,QID12956,minister
497,R_2S6rz7RTYdfqibv,QID13060,none
498,R_2S6rz7RTYdfqibv,QID13064,maker
499,R_2S6rz7RTYdfqibv,QID13066,none
500,R_2S6rz7RTYdfqibv,QID13146,tourist
501,R_2S6rz7RTYdfqibv,QID13158,none
502,R_2S6rz7RTYdfqibv,QID13225,none
503,R_2S6rz7RTYdfqibv,QID13298,baby
504,R_2S6rz7RTYdfqibv,QID13318,none
505,R_2S6rz7RTYdfqibv,QID13335,spouse
506,R_2S6rz7RTYdfqibv,QID13400,baby
507,R_2S6rz7RTYdfqibv,QID13404,dentist
508,R_2S6rz7RTYdfqibv,QID13486,baby
509,R_2S6rz7RTYdfqibv,QID13494,man
510,R_2S6rz7RTYdfqibv,QID13558,none
511,R_2S6rz7RTYdfqibv,QID13627,wife
512,R_2S6rz7RTYdfqibv,QID13711,none
513,R_2S6rz7RTYdfqibv,QID13777,none
514,R_2S6rz7RTYdfqibv,QID13786,none
515,R_2S6rz7RTYdfqibv,QID13808,saint
516,R_2S6rz7RTYdfqibv,QID13809,none
517,R_2S6rz7RTYdfqibv,QID13848,none
518,R_2S6rz7RTYdfqibv,QID13859,dentist
519,R_2S6rz7RTYdfqibv,QID13867,none
520,R_5vZUDcXgOgRjJL3,QID12308,candidate
521,R_5vZUDcXgOgRjJL3,QID12344,none
522,R_5vZUDcXgOgRjJL3,QID12414,none
523,R_5vZUDcXgOgRjJL3,QID12445,adversary
524,R_5vZUDcXgOgRjJL3,QID12451,father
525,R_5vZUDcXgOgRjJL3,QID12476,mother
526,R_5vZUDcXgOgRjJL3,QID12528,opponent
527,R_5vZUDcXgOgRjJL3,QID12626,friend
528,R_5vZUDcXgOgRjJL3,QID12678,daughter
529,R_5vZUDcXgOgRjJL3,QID12685,dentist
530,R_5vZUDcXgOgRjJL3,QID12786,mother
531,R_5vZUDcXgOgRjJL3,QID12832,adult
532,R_5vZUDcXgOgRjJL3,QID12864,none
533,R_5vZUDcXgOgRjJL3,QID12885,friend
534,R_5vZUDcXgOgRjJL3,QID12929,guardian
535,R_5vZUDcXgOgRjJL3,QID12972,father
536,R_5vZUDcXgOgRjJL3,QID12993,friend
537,R_5vZUDcXgOgRjJL3,QID13010,none
538,R_5vZUDcXgOgRjJL3,QID13051,guardian
539,R_5vZUDcXgOgRjJL3,QID13052,candidate
540,R_5vZUDcXgOgRjJL3,QID13110,none
541,R_5vZUDcXgOgRjJL3,QID13113,rabbi
542,R_5vZUDcXgOgRjJL3,QID13127,none
543,R_5vZUDcXgOgRjJL3,QID13224,none
544,R_5vZUDcXgOgRjJL3,QID13302,daughter
545,R_5vZUDcXgOgRjJL3,QID13304,son
546,R_5vZUDcXgOgRjJL3,QID13343,toddler
547,R_5vZUDcXgOgRjJL3,QID13351,soldier
548,R_5vZUDcXgOgRjJL3,QID13390,adversary
549,R_5vZUDcXgOgRjJL3,QID13464,mother
550,R_5vZUDcXgOgRjJL3,QID13506,candidate
551,R_5vZUDcXgOgRjJL3,QID13572,maker
552,R_5vZUDcXgOgRjJL3,QID13582,husband
553,R_5vZUDcXgOgRjJL3,QID13632,father
554,R_5vZUDcXgOgRjJL3,QID13660,orthodontist
555,R_5vZUDcXgOgRjJL3,QID13710,dentist
556,R_5vZUDcXgOgRjJL3,QID13715,archbishop
557,R_5vZUDcXgOgRjJL3,QID13783,father
558,R_5vZUDcXgOgRjJL3,QID13806,minority
559,R_5vZUDcXgOgRjJL3,QID13863,monk
560,R_3EohltK1NzU0vDi,QID12303,adult
561,R_3EohltK1NzU0vDi,QID12341,mother
562,R_3EohltK1NzU0vDi,QID12384,none
563,R_3EohltK1NzU0vDi,QID12418,teenager
564,R_3EohltK1NzU0vDi,QID12519,teacher
565,R_3EohltK1NzU0vDi,QID12527,dad
566,R_3EohltK1NzU0vDi,QID12563,winner
567,R_3EohltK1NzU0vDi,QID12567,brother
568,R_3EohltK1NzU0vDi,QID12609,saint
569,R_3EohltK1NzU0vDi,QID12623,opponent
570,R_3EohltK1NzU0vDi,QID12776,patriot
571,R_3EohltK1NzU0vDi,QID12833,none
572,R_3EohltK1NzU0vDi,QID12836,soldier
573,R_3EohltK1NzU0vDi,QID12881,geek
574,R_3EohltK1NzU0vDi,QID12919,rabbi
575,R_3EohltK1NzU0vDi,QID12948,mother
576,R_3EohltK1NzU0vDi,QID13015,none
577,R_3EohltK1NzU0vDi,QID13023,governor
578,R_3EohltK1NzU0vDi,QID13024,leader
579,R_3EohltK1NzU0vDi,QID13091,mother
580,R_3EohltK1NzU0vDi,QID13137,mother
581,R_3EohltK1NzU0vDi,QID13145,opponent
582,R_3EohltK1NzU0vDi,QID13220,student
583,R_3EohltK1NzU0vDi,QID13236,none
584,R_3EohltK1NzU0vDi,QID13261,gentleman
585,R_3EohltK1NzU0vDi,QID13334,man
586,R_3EohltK1NzU0vDi,QID13338,father
587,R_3EohltK1NzU0vDi,QID13395,mother
588,R_3EohltK1NzU0vDi,QID13447,mother
589,R_3EohltK1NzU0vDi,QID13477,none
590,R_3EohltK1NzU0vDi,QID13524,saint
591,R_3EohltK1NzU0vDi,QID13540,wife
592,R_3EohltK1NzU0vDi,QID13561,minister
593,R_3EohltK1NzU0vDi,QID13612,mother
594,R_3EohltK1NzU0vDi,QID13724,sinner
595,R_3EohltK1NzU0vDi,QID13803,adult
596,R_3EohltK1NzU0vDi,QID13817,parent
597,R_3EohltK1NzU0vDi,QID13827,rabbi
598,R_3EohltK1NzU0vDi,QID13847,none
599,R_3EohltK1NzU0vDi,QID13851,minor
600,R_28Am5ZMI75Q47cM,QID12359,none
601,R_28Am5ZMI75Q47cM,QID12383,none
602,R_28Am5ZMI75Q47cM,QID12430,mother
603,R_28Am5ZMI75Q47cM,QID12455,none
604,R_28Am5ZMI75Q47cM,QID12462,friend
605,R_28Am5ZMI75Q47cM,QID12514,father
606,R_28Am5ZMI75Q47cM,QID12549,none
607,R_28Am5ZMI75Q47cM,QID12550,none
608,R_28Am5ZMI75Q47cM,QID12613,man
609,R_28Am5ZMI75Q47cM,QID12643,man
610,R_28Am5ZMI75Q47cM,QID12747,man
611,R_28Am5ZMI75Q47cM,QID12766,mother
612,R_28Am5ZMI75Q47cM,QID12785,father
613,R_28Am5ZMI75Q47cM,QID12853,man
614,R_28Am5ZMI75Q47cM,QID12890,brother
615,R_28Am5ZMI75Q47cM,QID12930,parent
616,R_28Am5ZMI75Q47cM,QID12943,employer
617,R_28Am5ZMI75Q47cM,QID12959,father
618,R_28Am5ZMI75Q47cM,QID13026,sibling
619,R_28Am5ZMI75Q47cM,QID13076,none
620,R_28Am5ZMI75Q47cM,QID13115,man
621,R_28Am5ZMI75Q47cM,QID13144,none
622,R_28Am5ZMI75Q47cM,QID13154,none
623,R_28Am5ZMI75Q47cM,QID13253,father
624,R_28Am5ZMI75Q47cM,QID13282,mentor
625,R_28Am5ZMI75Q47cM,QID13291,mother
626,R_28Am5ZMI75Q47cM,QID13306,none
627,R_28Am5ZMI75Q47cM,QID13358,none
628,R_28Am5ZMI75Q47cM,QID13386,man
629,R_28Am5ZMI75Q47cM,QID13439,academic
630,R_28Am5ZMI75Q47cM,QID13502,father
631,R_28Am5ZMI75Q47cM,QID13545,father
632,R_28Am5ZMI75Q47cM,QID13574,son
633,R_28Am5ZMI75Q47cM,QID13595,author
634,R_28Am5ZMI75Q47cM,QID13665,tourist
635,R_28Am5ZMI75Q47cM,QID13760,none
636,R_28Am5ZMI75Q47cM,QID13813,none
637,R_28Am5ZMI75Q47cM,QID13832,orthodontist
638,R_28Am5ZMI75Q47cM,QID13849,adult
639,R_28Am5ZMI75Q47cM,QID13883,none
640,R_qOd7QTBCXLXCH5f,QID12312,parent
641,R_qOd7QTBCXLXCH5f,QID12349,father
642,R_qOd7QTBCXLXCH5f,QID12404,dentist
643,R_qOd7QTBCXLXCH5f,QID12434,wife
644,R_qOd7QTBCXLXCH5f,QID12498,none
645,R_qOd7QTBCXLXCH5f,QID12544,groom
646,R_qOd7QTBCXLXCH5f,QID12584,none
647,R_qOd7QTBCXLXCH5f,QID12600,none
648,R_qOd7QTBCXLXCH5f,QID12673,orthodontist
649,R_qOd7QTBCXLXCH5f,QID12682,none
650,R_qOd7QTBCXLXCH5f,QID12730,none
651,R_qOd7QTBCXLXCH5f,QID12751,baby
652,R_qOd7QTBCXLXCH5f,QID12779,none
653,R_qOd7QTBCXLXCH5f,QID12869,none
654,R_qOd7QTBCXLXCH5f,QID12875,friend
655,R_qOd7QTBCXLXCH5f,QID12925,daughter
656,R_qOd7QTBCXLXCH5f,QID12952,none
657,R_qOd7QTBCXLXCH5f,QID13009,princess
658,R_qOd7QTBCXLXCH5f,QID13012,dentist
659,R_qOd7QTBCXLXCH5f,QID13081,brother
660,R_qOd7QTBCXLXCH5f,QID13157,none
661,R_qOd7QTBCXLXCH5f,QID13180,boyfriend
662,R_qOd7QTBCXLXCH5f,QID13218,none
663,R_qOd7QTBCXLXCH5f,QID13228,none
664,R_qOd7QTBCXLXCH5f,QID13231,none
665,R_qOd7QTBCXLXCH5f,QID13369,manager
666,R_qOd7QTBCXLXCH5f,QID13414,doctor
667,R_qOd7QTBCXLXCH5f,QID13420,man
668,R_qOd7QTBCXLXCH5f,QID13422,economist
669,R_qOd7QTBCXLXCH5f,QID13454,husband
670,R_qOd7QTBCXLXCH5f,QID13562,supervisor
671,R_qOd7QTBCXLXCH5f,QID13570,actor
672,R_qOd7QTBCXLXCH5f,QID13593,actress
673,R_qOd7QTBCXLXCH5f,QID13619,son
674,R_qOd7QTBCXLXCH5f,QID13704,genius
675,R_qOd7QTBCXLXCH5f,QID13824,winner
676,R_qOd7QTBCXLXCH5f,QID13854,toddler
677,R_qOd7QTBCXLXCH5f,QID13866,cop
678,R_qOd7QTBCXLXCH5f,QID13872,none
679,R_qOd7QTBCXLXCH5f,QID13895,bachelor
680,R_3fOAwedTrw6zsEv,QID12350,dad
681,R_3fOAwedTrw6zsEv,QID12369,poor
682,R_3fOAwedTrw6zsEv,QID12506,orthodontist
683,R_3fOAwedTrw6zsEv,QID12508,homosexual
684,R_3fOAwedTrw6zsEv,QID12560,liberal
685,R_3fOAwedTrw6zsEv,QID12568,father
686,R_3fOAwedTrw6zsEv,QID12598,liberal
687,R_3fOAwedTrw6zsEv,QID12640,creator
688,R_3fOAwedTrw6zsEv,QID12657,father
689,R_3fOAwedTrw6zsEv,QID12689,chairman
690,R_3fOAwedTrw6zsEv,QID12716,orthodontist
691,R_3fOAwedTrw6zsEv,QID12722,partner
692,R_3fOAwedTrw6zsEv,QID12734,none
693,R_3fOAwedTrw6zsEv,QID12812,girlfriend
694,R_3fOAwedTrw6zsEv,QID12856,adult
695,R_3fOAwedTrw6zsEv,QID13043,creator
696,R_3fOAwedTrw6zsEv,QID13070,opponent
697,R_3fOAwedTrw6zsEv,QID13085,orthodontist
698,R_3fOAwedTrw6zsEv,QID13088,addict
699,R_3fOAwedTrw6zsEv,QID13097,black
700,R_3fOAwedTrw6zsEv,QID13105,christian
701,R_3fOAwedTrw6zsEv,QID13133,friend
702,R_3fOAwedTrw6zsEv,QID13182,winner
703,R_3fOAwedTrw6zsEv,QID13185,brother
704,R_3fOAwedTrw6zsEv,QID13212,black
705,R_3fOAwedTrw6zsEv,QID13257,parent
706,R_3fOAwedTrw6zsEv,QID13398,black
707,R_3fOAwedTrw6zsEv,QID13403,dentist
708,R_3fOAwedTrw6zsEv,QID13412,buddy
709,R_3fOAwedTrw6zsEv,QID13466,none
710,R_3fOAwedTrw6zsEv,QID13555,employee
711,R_3fOAwedTrw6zsEv,QID13563,none
712,R_3fOAwedTrw6zsEv,QID13581,minor
713,R_3fOAwedTrw6zsEv,QID13605,sinner
714,R_3fOAwedTrw6zsEv,QID13631,friend
715,R_3fOAwedTrw6zsEv,QID13656,none
716,R_3fOAwedTrw6zsEv,QID13691,middle_class
717,R_3fOAwedTrw6zsEv,QID13732,none
718,R_3fOAwedTrw6zsEv,QID13836,saint
719,R_3fOAwedTrw6zsEv,QID13841,creator
720,R_3242GoQ0RDziZaB,QID12329,mother
721,R_3242GoQ0RDziZaB,QID12358,friend
722,R_3242GoQ0RDziZaB,QID12381,none
723,R_3242GoQ0RDziZaB,QID12413,adult
724,R_3242GoQ0RDziZaB,QID12452,liberal
725,R_3242GoQ0RDziZaB,QID12472,adversary
726,R_3242GoQ0RDziZaB,QID12487,baby
727,R_3242GoQ0RDziZaB,QID12535,none
728,R_3242GoQ0RDziZaB,QID12554,pupil
729,R_3242GoQ0RDziZaB,QID12610,none
730,R_3242GoQ0RDziZaB,QID12727,none
731,R_3242GoQ0RDziZaB,QID12754,adult
732,R_3242GoQ0RDziZaB,QID12778,adult
733,R_3242GoQ0RDziZaB,QID12835,daughter
734,R_3242GoQ0RDziZaB,QID12850,mother
735,R_3242GoQ0RDziZaB,QID12857,athlete
736,R_3242GoQ0RDziZaB,QID12878,man
737,R_3242GoQ0RDziZaB,QID12958,opponent
738,R_3242GoQ0RDziZaB,QID12980,friend
739,R_3242GoQ0RDziZaB,QID13011,winner
740,R_3242GoQ0RDziZaB,QID13143,father
741,R_3242GoQ0RDziZaB,QID13166,friend
742,R_3242GoQ0RDziZaB,QID13216,wife
743,R_3242GoQ0RDziZaB,QID13287,guardian
744,R_3242GoQ0RDziZaB,QID13353,creator
745,R_3242GoQ0RDziZaB,QID13415,pastor
746,R_3242GoQ0RDziZaB,QID13416,teacher
747,R_3242GoQ0RDziZaB,QID13452,son
748,R_3242GoQ0RDziZaB,QID13460,colleague
749,R_3242GoQ0RDziZaB,QID13496,none
750,R_3242GoQ0RDziZaB,QID13514,man
751,R_3242GoQ0RDziZaB,QID13518,worker
752,R_3242GoQ0RDziZaB,QID13526,wife
753,R_3242GoQ0RDziZaB,QID13569,employee
754,R_3242GoQ0RDziZaB,QID13573,orthodontist
755,R_3242GoQ0RDziZaB,QID13603,none
756,R_3242GoQ0RDziZaB,QID13679,brother
757,R_3242GoQ0RDziZaB,QID13705,parent
758,R_3242GoQ0RDziZaB,QID13766,guardian
759,R_3242GoQ0RDziZaB,QID13873,father
760,R_1hApYLYA5O822bx,QID12474,none
761,R_1hApYLYA5O822bx,QID12525,none
762,R_1hApYLYA5O822bx,QID12536,none
763,R_1hApYLYA5O822bx,QID12543,none
764,R_1hApYLYA5O822bx,QID12552,none
765,R_1hApYLYA5O822bx,QID12595,none
766,R_1hApYLYA5O822bx,QID12634,none
767,R_1hApYLYA5O822bx,QID12648,none
768,R_1hApYLYA5O822bx,QID12652,father
769,R_1hApYLYA5O822bx,QID12661,none
770,R_1hApYLYA5O822bx,QID12707,none
771,R_1hApYLYA5O822bx,QID12725,daughter
772,R_1hApYLYA5O822bx,QID12783,none
773,R_1hApYLYA5O822bx,QID12851,son
774,R_1hApYLYA5O822bx,QID12855,father
775,R_1hApYLYA5O822bx,QID12893,none
776,R_1hApYLYA5O822bx,QID12940,none
777,R_1hApYLYA5O822bx,QID12954,none
778,R_1hApYLYA5O822bx,QID12974,saint
779,R_1hApYLYA5O822bx,QID13075,none
780,R_1hApYLYA5O822bx,QID13156,none
781,R_1hApYLYA5O822bx,QID13215,none
782,R_1hApYLYA5O822bx,QID13241,none
783,R_1hApYLYA5O822bx,QID13242,none
784,R_1hApYLYA5O822bx,QID13256,none
785,R_1hApYLYA5O822bx,QID13260,none
786,R_1hApYLYA5O822bx,QID13295,none
787,R_1hApYLYA5O822bx,QID13327,none
788,R_1hApYLYA5O822bx,QID13469,none
789,R_1hApYLYA5O822bx,QID13483,none
790,R_1hApYLYA5O822bx,QID13529,none
791,R_1hApYLYA5O822bx,QID13534,none
792,R_1hApYLYA5O822bx,QID13600,none
793,R_1hApYLYA5O822bx,QID13741,none
794,R_1hApYLYA5O822bx,QID13758,none
795,R_1hApYLYA5O822bx,QID13790,daughter
796,R_1hApYLYA5O822bx,QID13793,none
797,R_1hApYLYA5O822bx,QID13823,none
798,R_1hApYLYA5O822bx,QID13855,none
799,R_1hApYLYA5O822bx,QID13890,none
800,R_1mznJQvxP98w9c2,QID12323,none
801,R_1mznJQvxP98w9c2,QID12346,none
802,R_1mznJQvxP98w9c2,QID12351,rabbi
803,R_1mznJQvxP98w9c2,QID12421,none
804,R_1mznJQvxP98w9c2,QID12424,lady
805,R_1mznJQvxP98w9c2,QID12505,man
806,R_1mznJQvxP98w9c2,QID12540,son
807,R_1mznJQvxP98w9c2,QID12594,none
808,R_1mznJQvxP98w9c2,QID12677,none
809,R_1mznJQvxP98w9c2,QID12699,sinner
810,R_1mznJQvxP98w9c2,QID12718,adversary
811,R_1mznJQvxP98w9c2,QID12752,opponent
812,R_1mznJQvxP98w9c2,QID12808,intellectual
813,R_1mznJQvxP98w9c2,QID12809,helper
814,R_1mznJQvxP98w9c2,QID12837,adversary
815,R_1mznJQvxP98w9c2,QID12847,adversary
816,R_1mznJQvxP98w9c2,QID12909,wife
817,R_1mznJQvxP98w9c2,QID12960,none
818,R_1mznJQvxP98w9c2,QID12979,rabbi
819,R_1mznJQvxP98w9c2,QID12997,american
820,R_1mznJQvxP98w9c2,QID13119,fan
821,R_1mznJQvxP98w9c2,QID13168,republican
822,R_1mznJQvxP98w9c2,QID13173,none
823,R_1mznJQvxP98w9c2,QID13202,minister
824,R_1mznJQvxP98w9c2,QID13211,engineer
825,R_1mznJQvxP98w9c2,QID13308,sinner
826,R_1mznJQvxP98w9c2,QID13332,opponent
827,R_1mznJQvxP98w9c2,QID13438,none
828,R_1mznJQvxP98w9c2,QID13456,defendant
829,R_1mznJQvxP98w9c2,QID13491,minister
830,R_1mznJQvxP98w9c2,QID13547,none
831,R_1mznJQvxP98w9c2,QID13609,parent
832,R_1mznJQvxP98w9c2,QID13638,man
833,R_1mznJQvxP98w9c2,QID13645,friend
834,R_1mznJQvxP98w9c2,QID13699,none
835,R_1mznJQvxP98w9c2,QID13756,boy
836,R_1mznJQvxP98w9c2,QID13763,guardian
837,R_1mznJQvxP98w9c2,QID13822,daughter
838,R_1mznJQvxP98w9c2,QID13864,senator
839,R_1mznJQvxP98w9c2,QID13876,teenager
840,R_1OktE2gCX4pBYjx,QID12300,son
841,R_1OktE2gCX4pBYjx,QID12309,adult
842,R_1OktE2gCX4pBYjx,QID12331,mother
843,R_1OktE2gCX4pBYjx,QID12345,minister
844,R_1OktE2gCX4pBYjx,QID12403,rabbi
845,R_1OktE2gCX4pBYjx,QID12447,orthodontist
846,R_1OktE2gCX4pBYjx,QID12503,mother
847,R_1OktE2gCX4pBYjx,QID12513,none
848,R_1OktE2gCX4pBYjx,QID12607,man
849,R_1OktE2gCX4pBYjx,QID12670,none
850,R_1OktE2gCX4pBYjx,QID12701,rabbi
851,R_1OktE2gCX4pBYjx,QID12720,parent
852,R_1OktE2gCX4pBYjx,QID12736,candidate
853,R_1OktE2gCX4pBYjx,QID12799,winner
854,R_1OktE2gCX4pBYjx,QID12826,father
855,R_1OktE2gCX4pBYjx,QID12963,adversary
856,R_1OktE2gCX4pBYjx,QID12992,professor
857,R_1OktE2gCX4pBYjx,QID13014,daughter
858,R_1OktE2gCX4pBYjx,QID13037,archbishop
859,R_1OktE2gCX4pBYjx,QID13082,parent
860,R_1OktE2gCX4pBYjx,QID13128,adult
861,R_1OktE2gCX4pBYjx,QID13171,wife
862,R_1OktE2gCX4pBYjx,QID13175,father
863,R_1OktE2gCX4pBYjx,QID13199,teenager
864,R_1OktE2gCX4pBYjx,QID13204,candidate
865,R_1OktE2gCX4pBYjx,QID13341,aunt
866,R_1OktE2gCX4pBYjx,QID13352,homosexual
867,R_1OktE2gCX4pBYjx,QID13376,maker
868,R_1OktE2gCX4pBYjx,QID13391,man
869,R_1OktE2gCX4pBYjx,QID13480,man
870,R_1OktE2gCX4pBYjx,QID13557,opponent
871,R_1OktE2gCX4pBYjx,QID13587,candidate
872,R_1OktE2gCX4pBYjx,QID13596,daughter
873,R_1OktE2gCX4pBYjx,QID13633,dentist
874,R_1OktE2gCX4pBYjx,QID13646,senator
875,R_1OktE2gCX4pBYjx,QID13775,friend
876,R_1OktE2gCX4pBYjx,QID13784,rabbi
877,R_1OktE2gCX4pBYjx,QID13791,minister
878,R_1OktE2gCX4pBYjx,QID13795,minister
879,R_1OktE2gCX4pBYjx,QID13885,creator
880,R_u54n3STpMLvVYvn,QID12321,none
881,R_u54n3STpMLvVYvn,QID12339,child
882,R_u54n3STpMLvVYvn,QID12423,none
883,R_u54n3STpMLvVYvn,QID12433,child
884,R_u54n3STpMLvVYvn,QID12458,maker
885,R_u54n3STpMLvVYvn,QID12534,mother
886,R_u54n3STpMLvVYvn,QID12542,none
887,R_u54n3STpMLvVYvn,QID12591,none
888,R_u54n3STpMLvVYvn,QID12621,guardian
889,R_u54n3STpMLvVYvn,QID12674,none
890,R_u54n3STpMLvVYvn,QID12744,black
891,R_u54n3STpMLvVYvn,QID12749,none
892,R_u54n3STpMLvVYvn,QID12770,baby
893,R_u54n3STpMLvVYvn,QID12824,secretary
894,R_u54n3STpMLvVYvn,QID12834,mother
895,R_u54n3STpMLvVYvn,QID12865,student
896,R_u54n3STpMLvVYvn,QID12876,daughter
897,R_u54n3STpMLvVYvn,QID12920,saint
898,R_u54n3STpMLvVYvn,QID12946,man
899,R_u54n3STpMLvVYvn,QID13029,none
900,R_u54n3STpMLvVYvn,QID13112,none
901,R_u54n3STpMLvVYvn,QID13193,none
902,R_u54n3STpMLvVYvn,QID13219,none
903,R_u54n3STpMLvVYvn,QID13265,nephew
904,R_u54n3STpMLvVYvn,QID13288,adult
905,R_u54n3STpMLvVYvn,QID13339,none
906,R_u54n3STpMLvVYvn,QID13355,guy
907,R_u54n3STpMLvVYvn,QID13363,none
908,R_u54n3STpMLvVYvn,QID13449,father
909,R_u54n3STpMLvVYvn,QID13461,man
910,R_u54n3STpMLvVYvn,QID13575,none
911,R_u54n3STpMLvVYvn,QID13577,teacher
912,R_u54n3STpMLvVYvn,QID13599,adult
913,R_u54n3STpMLvVYvn,QID13616,mother
914,R_u54n3STpMLvVYvn,QID13622,christian
915,R_u54n3STpMLvVYvn,QID13634,warrior
916,R_u54n3STpMLvVYvn,QID13661,white_man
917,R_u54n3STpMLvVYvn,QID13685,professional
918,R_u54n3STpMLvVYvn,QID13774,none
919,R_u54n3STpMLvVYvn,QID13819,dentist
920,R_1jYSATQJdVUo7xQ,QID12317,innocent
921,R_1jYSATQJdVUo7xQ,QID12356,celebrity
922,R_1jYSATQJdVUo7xQ,QID12443,adult
923,R_1jYSATQJdVUo7xQ,QID12456,wife
924,R_1jYSATQJdVUo7xQ,QID12479,none
925,R_1jYSATQJdVUo7xQ,QID12555,sinner
926,R_1jYSATQJdVUo7xQ,QID12570,jew
927,R_1jYSATQJdVUo7xQ,QID12582,friend
928,R_1jYSATQJdVUo7xQ,QID12599,brother
929,R_1jYSATQJdVUo7xQ,QID12688,dentist
930,R_1jYSATQJdVUo7xQ,QID12708,brother
931,R_1jYSATQJdVUo7xQ,QID12714,american
932,R_1jYSATQJdVUo7xQ,QID12728,american
933,R_1jYSATQJdVUo7xQ,QID12739,father
934,R_1jYSATQJdVUo7xQ,QID12762,sentry
935,R_1jYSATQJdVUo7xQ,QID12839,adversary
936,R_1jYSATQJdVUo7xQ,QID12863,instructor
937,R_1jYSATQJdVUo7xQ,QID12908,sibling
938,R_1jYSATQJdVUo7xQ,QID12931,democrat
939,R_1jYSATQJdVUo7xQ,QID12984,atheist
940,R_1jYSATQJdVUo7xQ,QID13116,nephew
941,R_1jYSATQJdVUo7xQ,QID13170,orthodontist
942,R_1jYSATQJdVUo7xQ,QID13226,grandmother
943,R_1jYSATQJdVUo7xQ,QID13279,adult
944,R_1jYSATQJdVUo7xQ,QID13300,parent
945,R_1jYSATQJdVUo7xQ,QID13312,daughter
946,R_1jYSATQJdVUo7xQ,QID13344,rich
947,R_1jYSATQJdVUo7xQ,QID13385,creator
948,R_1jYSATQJdVUo7xQ,QID13402,father
949,R_1jYSATQJdVUo7xQ,QID13463,patriot
950,R_1jYSATQJdVUo7xQ,QID13541,creator
951,R_1jYSATQJdVUo7xQ,QID13551,parent
952,R_1jYSATQJdVUo7xQ,QID13576,none
953,R_1jYSATQJdVUo7xQ,QID13664,buddy
954,R_1jYSATQJdVUo7xQ,QID13761,wife
955,R_1jYSATQJdVUo7xQ,QID13762,aunt
956,R_1jYSATQJdVUo7xQ,QID13814,dentist
957,R_1jYSATQJdVUo7xQ,QID13837,none
958,R_1jYSATQJdVUo7xQ,QID13894,guardian
959,R_1jYSATQJdVUo7xQ,QID13899,white
960,R_zSHbhtUhtER1CvL,QID12327,parent
961,R_zSHbhtUhtER1CvL,QID12382,tourist
962,R_zSHbhtUhtER1CvL,QID12441,maker
963,R_zSHbhtUhtER1CvL,QID12444,coach
964,R_zSHbhtUhtER1CvL,QID12489,mother
965,R_zSHbhtUhtER1CvL,QID12521,manager
966,R_zSHbhtUhtER1CvL,QID12545,none
967,R_zSHbhtUhtER1CvL,QID12559,daughter
968,R_zSHbhtUhtER1CvL,QID12651,marine
969,R_zSHbhtUhtER1CvL,QID12665,son
970,R_zSHbhtUhtER1CvL,QID12757,spouse
971,R_zSHbhtUhtER1CvL,QID12767,mother
972,R_zSHbhtUhtER1CvL,QID12841,creator
973,R_zSHbhtUhtER1CvL,QID12842,baker
974,R_zSHbhtUhtER1CvL,QID12894,helper
975,R_zSHbhtUhtER1CvL,QID12932,black
976,R_zSHbhtUhtER1CvL,QID13000,tutor
977,R_zSHbhtUhtER1CvL,QID13002,creator
978,R_zSHbhtUhtER1CvL,QID13007,man
979,R_zSHbhtUhtER1CvL,QID13074,christian
980,R_zSHbhtUhtER1CvL,QID13109,colleague
981,R_zSHbhtUhtER1CvL,QID13134,relative
982,R_zSHbhtUhtER1CvL,QID13160,mother
983,R_zSHbhtUhtER1CvL,QID13243,man
984,R_zSHbhtUhtER1CvL,QID13271,father
985,R_zSHbhtUhtER1CvL,QID13299,none
986,R_zSHbhtUhtER1CvL,QID13330,husband
987,R_zSHbhtUhtER1CvL,QID13347,accountant
988,R_zSHbhtUhtER1CvL,QID13431,none
989,R_zSHbhtUhtER1CvL,QID13453,jew
990,R_zSHbhtUhtER1CvL,QID13507,boss
991,R_zSHbhtUhtER1CvL,QID13608,senator
992,R_zSHbhtUhtER1CvL,QID13618,adversary
993,R_zSHbhtUhtER1CvL,QID13659,none
994,R_zSHbhtUhtER1CvL,QID13668,buddy
995,R_zSHbhtUhtER1CvL,QID13692,adversary
996,R_zSHbhtUhtER1CvL,QID13765,father
997,R_zSHbhtUhtER1CvL,QID13767,sinner
998,R_zSHbhtUhtER1CvL,QID13829,rich
999,R_zSHbhtUhtER1CvL,QID13865,daughter
1000,R_af3sU7FydZ9svTP,QID12302,neighbor
1001,R_af3sU7FydZ9svTP,QID12372,none
1002,R_af3sU7FydZ9svTP,QID12409,none
1003,R_af3sU7FydZ9svTP,QID12417,mother
1004,R_af3sU7FydZ9svTP,QID12502,daughter
1005,R_af3sU7FydZ9svTP,QID12551,rabbi
1006,R_af3sU7FydZ9svTP,QID12572,mother
1007,R_af3sU7FydZ9svTP,QID12662,father
1008,R_af3sU7FydZ9svTP,QID12663,black
1009,R_af3sU7FydZ9svTP,QID12671,parent
1010,R_af3sU7FydZ9svTP,QID12711,adult
1011,R_af3sU7FydZ9svTP,QID12713,none
1012,R_af3sU7FydZ9svTP,QID12772,maker
1013,R_af3sU7FydZ9svTP,QID12807,brother
1014,R_af3sU7FydZ9svTP,QID12887,entrepreneur
1015,R_af3sU7FydZ9svTP,QID12982,bishop
1016,R_af3sU7FydZ9svTP,QID13039,creator
1017,R_af3sU7FydZ9svTP,QID13054,baby
1018,R_af3sU7FydZ9svTP,QID13084,mom
1019,R_af3sU7FydZ9svTP,QID13093,mother
1020,R_af3sU7FydZ9svTP,QID13121,intellectual
1021,R_af3sU7FydZ9svTP,QID13153,secretary
1022,R_af3sU7FydZ9svTP,QID13190,none
1023,R_af3sU7FydZ9svTP,QID13196,none
1024,R_af3sU7FydZ9svTP,QID13239,baby
1025,R_af3sU7FydZ9svTP,QID13269,none
1026,R_af3sU7FydZ9svTP,QID13289,none
1027,R_af3sU7FydZ9svTP,QID13360,niece
1028,R_af3sU7FydZ9svTP,QID13406,none
1029,R_af3sU7FydZ9svTP,QID13499,none
1030,R_af3sU7FydZ9svTP,QID13512,teacher
1031,R_af3sU7FydZ9svTP,QID13520,candidate
1032,R_af3sU7FydZ9svTP,QID13537,winner
1033,R_af3sU7FydZ9svTP,QID13628,mother
1034,R_af3sU7FydZ9svTP,QID13657,relative
1035,R_af3sU7FydZ9svTP,QID13728,father
1036,R_af3sU7FydZ9svTP,QID13734,husband
1037,R_af3sU7FydZ9svTP,QID13757,winner
1038,R_af3sU7FydZ9svTP,QID13892,adult
1039,R_af3sU7FydZ9svTP,QID13898,adversary
1040,R_2Vdn2LemyuF2LCb,QID12374,musician
1041,R_2Vdn2LemyuF2LCb,QID12378,minor
1042,R_2Vdn2LemyuF2LCb,QID12387,brother
1043,R_2Vdn2LemyuF2LCb,QID12450,professional
1044,R_2Vdn2LemyuF2LCb,QID12483,tutor
1045,R_2Vdn2LemyuF2LCb,QID12507,adult
1046,R_2Vdn2LemyuF2LCb,QID12533,minority
1047,R_2Vdn2LemyuF2LCb,QID12583,none
1048,R_2Vdn2LemyuF2LCb,QID12656,adult
1049,R_2Vdn2LemyuF2LCb,QID12683,son
1050,R_2Vdn2LemyuF2LCb,QID12760,student
1051,R_2Vdn2LemyuF2LCb,QID12814,man
1052,R_2Vdn2LemyuF2LCb,QID12884,mother
1053,R_2Vdn2LemyuF2LCb,QID12917,father
1054,R_2Vdn2LemyuF2LCb,QID12951,orthodontist
1055,R_2Vdn2LemyuF2LCb,QID12967,daughter
1056,R_2Vdn2LemyuF2LCb,QID12983,uncle
1057,R_2Vdn2LemyuF2LCb,QID13053,maker
1058,R_2Vdn2LemyuF2LCb,QID13062,follower
1059,R_2Vdn2LemyuF2LCb,QID13087,son
1060,R_2Vdn2LemyuF2LCb,QID13151,american
1061,R_2Vdn2LemyuF2LCb,QID13292,white
1062,R_2Vdn2LemyuF2LCb,QID13296,parent
1063,R_2Vdn2LemyuF2LCb,QID13340,daughter
1064,R_2Vdn2LemyuF2LCb,QID13367,author
1065,R_2Vdn2LemyuF2LCb,QID13373,father
1066,R_2Vdn2LemyuF2LCb,QID13436,mother
1067,R_2Vdn2LemyuF2LCb,QID13474,brother
1068,R_2Vdn2LemyuF2LCb,QID13490,daughter
1069,R_2Vdn2LemyuF2LCb,QID13497,employee
1070,R_2Vdn2LemyuF2LCb,QID13531,mother
1071,R_2Vdn2LemyuF2LCb,QID13564,father
1072,R_2Vdn2LemyuF2LCb,QID13598,adversary
1073,R_2Vdn2LemyuF2LCb,QID13602,mother
1074,R_2Vdn2LemyuF2LCb,QID13671,none
1075,R_2Vdn2LemyuF2LCb,QID13687,mentor
1076,R_2Vdn2LemyuF2LCb,QID13716,father
1077,R_2Vdn2LemyuF2LCb,QID13797,worker
1078,R_2Vdn2LemyuF2LCb,QID13805,son
1079,R_2Vdn2LemyuF2LCb,QID13881,none
1080,R_1Ej7L73TQyOqKwi,QID12319,son
1081,R_1Ej7L73TQyOqKwi,QID12375,creator
1082,R_1Ej7L73TQyOqKwi,QID12407,father
1083,R_1Ej7L73TQyOqKwi,QID12412,rabbi
1084,R_1Ej7L73TQyOqKwi,QID12524,creator
1085,R_1Ej7L73TQyOqKwi,QID12553,brother
1086,R_1Ej7L73TQyOqKwi,QID12601,companion
1087,R_1Ej7L73TQyOqKwi,QID12630,winner
1088,R_1Ej7L73TQyOqKwi,QID12649,father
1089,R_1Ej7L73TQyOqKwi,QID12694,baby
1090,R_1Ej7L73TQyOqKwi,QID12723,none
1091,R_1Ej7L73TQyOqKwi,QID12831,father
1092,R_1Ej7L73TQyOqKwi,QID12918,mother
1093,R_1Ej7L73TQyOqKwi,QID12924,bride
1094,R_1Ej7L73TQyOqKwi,QID12927,none
1095,R_1Ej7L73TQyOqKwi,QID12942,none
1096,R_1Ej7L73TQyOqKwi,QID12944,friend
1097,R_1Ej7L73TQyOqKwi,QID13016,lady
1098,R_1Ej7L73TQyOqKwi,QID13044,baby
1099,R_1Ej7L73TQyOqKwi,QID13096,none
1100,R_1Ej7L73TQyOqKwi,QID13162,kid
1101,R_1Ej7L73TQyOqKwi,QID13164,father
1102,R_1Ej7L73TQyOqKwi,QID13183,none
1103,R_1Ej7L73TQyOqKwi,QID13192,father
1104,R_1Ej7L73TQyOqKwi,QID13248,man
1105,R_1Ej7L73TQyOqKwi,QID13309,none
1106,R_1Ej7L73TQyOqKwi,QID13314,man
1107,R_1Ej7L73TQyOqKwi,QID13357,daughter
1108,R_1Ej7L73TQyOqKwi,QID13401,none
1109,R_1Ej7L73TQyOqKwi,QID13488,bride
1110,R_1Ej7L73TQyOqKwi,QID13515,none
1111,R_1Ej7L73TQyOqKwi,QID13566,mom
1112,R_1Ej7L73TQyOqKwi,QID13630,mother
1113,R_1Ej7L73TQyOqKwi,QID13649,none
1114,R_1Ej7L73TQyOqKwi,QID13683,politician
1115,R_1Ej7L73TQyOqKwi,QID13723,wife
1116,R_1Ej7L73TQyOqKwi,QID13748,adversary
1117,R_1Ej7L73TQyOqKwi,QID13843,relative
1118,R_1Ej7L73TQyOqKwi,QID13884,none
1119,R_1Ej7L73TQyOqKwi,QID13897,creator
1120,R_3lA0YMLQOK0Ndqf,QID12354,guardian
1121,R_3lA0YMLQOK0Ndqf,QID12393,parent
1122,R_3lA0YMLQOK0Ndqf,QID12401,woman
1123,R_3lA0YMLQOK0Ndqf,QID12448,creator
1124,R_3lA0YMLQOK0Ndqf,QID12475,wife
1125,R_3lA0YMLQOK0Ndqf,QID12590,candidate
1126,R_3lA0YMLQOK0Ndqf,QID12612,daughter
1127,R_3lA0YMLQOK0Ndqf,QID12650,none
1128,R_3lA0YMLQOK0Ndqf,QID12653,daughter
1129,R_3lA0YMLQOK0Ndqf,QID12676,rich
1130,R_3lA0YMLQOK0Ndqf,QID12773,helper
1131,R_3lA0YMLQOK0Ndqf,QID12796,ceo
1132,R_3lA0YMLQOK0Ndqf,QID12844,brother
1133,R_3lA0YMLQOK0Ndqf,QID12848,wife
1134,R_3lA0YMLQOK0Ndqf,QID12889,none
1135,R_3lA0YMLQOK0Ndqf,QID12903,guardian
1136,R_3lA0YMLQOK0Ndqf,QID12910,adversary
1137,R_3lA0YMLQOK0Ndqf,QID12936,american
1138,R_3lA0YMLQOK0Ndqf,QID12968,father
1139,R_3lA0YMLQOK0Ndqf,QID13063,sibling
1140,R_3lA0YMLQOK0Ndqf,QID13123,bachelor
1141,R_3lA0YMLQOK0Ndqf,QID13155,father
1142,R_3lA0YMLQOK0Ndqf,QID13159,brother
1143,R_3lA0YMLQOK0Ndqf,QID13163,spouse
1144,R_3lA0YMLQOK0Ndqf,QID13230,none
1145,R_3lA0YMLQOK0Ndqf,QID13266,father
1146,R_3lA0YMLQOK0Ndqf,QID13320,daughter
1147,R_3lA0YMLQOK0Ndqf,QID13337,teenager
1148,R_3lA0YMLQOK0Ndqf,QID13350,kid
1149,R_3lA0YMLQOK0Ndqf,QID13484,maker
1150,R_3lA0YMLQOK0Ndqf,QID13513,son
1151,R_3lA0YMLQOK0Ndqf,QID13538,child
1152,R_3lA0YMLQOK0Ndqf,QID13568,adult
1153,R_3lA0YMLQOK0Ndqf,QID13578,attorney
1154,R_3lA0YMLQOK0Ndqf,QID13642,son
1155,R_3lA0YMLQOK0Ndqf,QID13695,father
1156,R_3lA0YMLQOK0Ndqf,QID13839,none
1157,R_3lA0YMLQOK0Ndqf,QID13844,orthodontist
1158,R_3lA0YMLQOK0Ndqf,QID13861,dad
1159,R_3lA0YMLQOK0Ndqf,QID13888,winner
1160,R_3CDG7vD4K7hilnk,QID12330,sentry
1161,R_3CDG7vD4K7hilnk,QID12416,mother
1162,R_3CDG7vD4K7hilnk,QID12426,none
1163,R_3CDG7vD4K7hilnk,QID12428,friend
1164,R_3CDG7vD4K7hilnk,QID12436,supervisor
1165,R_3CDG7vD4K7hilnk,QID12463,none
1166,R_3CDG7vD4K7hilnk,QID12499,none
1167,R_3CDG7vD4K7hilnk,QID12558,none
1168,R_3CDG7vD4K7hilnk,QID12575,none
1169,R_3CDG7vD4K7hilnk,QID12619,none
1170,R_3CDG7vD4K7hilnk,QID12743,son
1171,R_3CDG7vD4K7hilnk,QID12755,father
1172,R_3CDG7vD4K7hilnk,QID12795,none
1173,R_3CDG7vD4K7hilnk,QID12846,man
1174,R_3CDG7vD4K7hilnk,QID12859,none
1175,R_3CDG7vD4K7hilnk,QID12904,none
1176,R_3CDG7vD4K7hilnk,QID12955,creator
1177,R_3CDG7vD4K7hilnk,QID12996,father
1178,R_3CDG7vD4K7hilnk,QID12998,orthodontist
1179,R_3CDG7vD4K7hilnk,QID13055,opponent
1180,R_3CDG7vD4K7hilnk,QID13152,wife
1181,R_3CDG7vD4K7hilnk,QID13217,singer
1182,R_3CDG7vD4K7hilnk,QID13263,none
1183,R_3CDG7vD4K7hilnk,QID13276,brother
1184,R_3CDG7vD4K7hilnk,QID13388,none
1185,R_3CDG7vD4K7hilnk,QID13396,teacher
1186,R_3CDG7vD4K7hilnk,QID13425,maker
1187,R_3CDG7vD4K7hilnk,QID13475,brother
1188,R_3CDG7vD4K7hilnk,QID13485,dentist
1189,R_3CDG7vD4K7hilnk,QID13489,none
1190,R_3CDG7vD4K7hilnk,QID13550,maker
1191,R_3CDG7vD4K7hilnk,QID13589,creator
1192,R_3CDG7vD4K7hilnk,QID13636,mother
1193,R_3CDG7vD4K7hilnk,QID13640,teacher
1194,R_3CDG7vD4K7hilnk,QID13667,none
1195,R_3CDG7vD4K7hilnk,QID13681,none
1196,R_3CDG7vD4K7hilnk,QID13696,daughter
1197,R_3CDG7vD4K7hilnk,QID13751,son
1198,R_3CDG7vD4K7hilnk,QID13792,none
1199,R_3CDG7vD4K7hilnk,QID13896,son
1200,R_2xE83df02uby9nZ,QID12306,rabbi
1201,R_2xE83df02uby9nZ,QID12307,comedian
1202,R_2xE83df02uby9nZ,QID12310,employee
1203,R_2xE83df02uby9nZ,QID12471,villain
1204,R_2xE83df02uby9nZ,QID12500,adult
1205,R_2xE83df02uby9nZ,QID12516,none
1206,R_2xE83df02uby9nZ,QID12538,mentor
1207,R_2xE83df02uby9nZ,QID12569,mistress
1208,R_2xE83df02uby9nZ,QID12573,intern
1209,R_2xE83df02uby9nZ,QID12642,partner
1210,R_2xE83df02uby9nZ,QID12735,none
1211,R_2xE83df02uby9nZ,QID12802,father
1212,R_2xE83df02uby9nZ,QID12820,sinner
1213,R_2xE83df02uby9nZ,QID12840,spouse
1214,R_2xE83df02uby9nZ,QID12957,adversary
1215,R_2xE83df02uby9nZ,QID12971,dentist
1216,R_2xE83df02uby9nZ,QID13013,boyfriend
1217,R_2xE83df02uby9nZ,QID13022,man
1218,R_2xE83df02uby9nZ,QID13033,none
1219,R_2xE83df02uby9nZ,QID13045,chef
1220,R_2xE83df02uby9nZ,QID13187,creator
1221,R_2xE83df02uby9nZ,QID13233,creator
1222,R_2xE83df02uby9nZ,QID13254,minister
1223,R_2xE83df02uby9nZ,QID13275,none
1224,R_2xE83df02uby9nZ,QID13284,father
1225,R_2xE83df02uby9nZ,QID13319,customer
1226,R_2xE83df02uby9nZ,QID13362,composer
1227,R_2xE83df02uby9nZ,QID13418,lover
1228,R_2xE83df02uby9nZ,QID13462,man
1229,R_2xE83df02uby9nZ,QID13481,winner
1230,R_2xE83df02uby9nZ,QID13503,none
1231,R_2xE83df02uby9nZ,QID13516,defendant
1232,R_2xE83df02uby9nZ,QID13521,none
1233,R_2xE83df02uby9nZ,QID13624,rabbi
1234,R_2xE83df02uby9nZ,QID13652,expert
1235,R_2xE83df02uby9nZ,QID13662,opponent
1236,R_2xE83df02uby9nZ,QID13714,none
1237,R_2xE83df02uby9nZ,QID13776,son
1238,R_2xE83df02uby9nZ,QID13782,judge
1239,R_2xE83df02uby9nZ,QID13880,ceo
1240,R_30dulM8BtN6Iv7H,QID12389,prince
1241,R_30dulM8BtN6Iv7H,QID12405,none
1242,R_30dulM8BtN6Iv7H,QID12415,none
1243,R_30dulM8BtN6Iv7H,QID12465,consultant
1244,R_30dulM8BtN6Iv7H,QID12497,none
1245,R_30dulM8BtN6Iv7H,QID12530,partner
1246,R_30dulM8BtN6Iv7H,QID12537,father
1247,R_30dulM8BtN6Iv7H,QID12579,wife
1248,R_30dulM8BtN6Iv7H,QID12588,bride
1249,R_30dulM8BtN6Iv7H,QID12597,none
1250,R_30dulM8BtN6Iv7H,QID12742,son
1251,R_30dulM8BtN6Iv7H,QID12811,none
1252,R_30dulM8BtN6Iv7H,QID12813,father
1253,R_30dulM8BtN6Iv7H,QID12816,sibling
1254,R_30dulM8BtN6Iv7H,QID12845,son
1255,R_30dulM8BtN6Iv7H,QID12901,orthodontist
1256,R_30dulM8BtN6Iv7H,QID12933,aunt
1257,R_30dulM8BtN6Iv7H,QID13001,daughter
1258,R_30dulM8BtN6Iv7H,QID13095,celebrity
1259,R_30dulM8BtN6Iv7H,QID13098,marine
1260,R_30dulM8BtN6Iv7H,QID13165,partner
1261,R_30dulM8BtN6Iv7H,QID13179,creator
1262,R_30dulM8BtN6Iv7H,QID13252,maker
1263,R_30dulM8BtN6Iv7H,QID13317,minority
1264,R_30dulM8BtN6Iv7H,QID13325,mentor
1265,R_30dulM8BtN6Iv7H,QID13345,wife
1266,R_30dulM8BtN6Iv7H,QID13354,orthodontist
1267,R_30dulM8BtN6Iv7H,QID13368,jerk
1268,R_30dulM8BtN6Iv7H,QID13455,none
1269,R_30dulM8BtN6Iv7H,QID13487,daughter
1270,R_30dulM8BtN6Iv7H,QID13511,composer
1271,R_30dulM8BtN6Iv7H,QID13554,principal
1272,R_30dulM8BtN6Iv7H,QID13567,dentist
1273,R_30dulM8BtN6Iv7H,QID13703,manager
1274,R_30dulM8BtN6Iv7H,QID13706,jew
1275,R_30dulM8BtN6Iv7H,QID13749,patient
1276,R_30dulM8BtN6Iv7H,QID13798,none
1277,R_30dulM8BtN6Iv7H,QID13807,friend
1278,R_30dulM8BtN6Iv7H,QID13835,opponent
1279,R_30dulM8BtN6Iv7H,QID13887,none
1280,R_2Ck1YvrNuxh5l65,QID12312,parent
1281,R_2Ck1YvrNuxh5l65,QID12335,mother
1282,R_2Ck1YvrNuxh5l65,QID12354,guardian
1283,R_2Ck1YvrNuxh5l65,QID12364,daughter
1284,R_2Ck1YvrNuxh5l65,QID12373,black_man
1285,R_2Ck1YvrNuxh5l65,QID12464,parent
1286,R_2Ck1YvrNuxh5l65,QID12568,father
1287,R_2Ck1YvrNuxh5l65,QID12580,architect
1288,R_2Ck1YvrNuxh5l65,QID12692,none
1289,R_2Ck1YvrNuxh5l65,QID12694,baby
1290,R_2Ck1YvrNuxh5l65,QID12700,orthodontist
1291,R_2Ck1YvrNuxh5l65,QID12721,winner
1292,R_2Ck1YvrNuxh5l65,QID12731,mother
1293,R_2Ck1YvrNuxh5l65,QID12750,man
1294,R_2Ck1YvrNuxh5l65,QID12781,toddler
1295,R_2Ck1YvrNuxh5l65,QID12877,partner
1296,R_2Ck1YvrNuxh5l65,QID12999,none
1297,R_2Ck1YvrNuxh5l65,QID13018,leader
1298,R_2Ck1YvrNuxh5l65,QID13047,consultant
1299,R_2Ck1YvrNuxh5l65,QID13048,none
1300,R_2Ck1YvrNuxh5l65,QID13100,wife
1301,R_2Ck1YvrNuxh5l65,QID13107,mother
1302,R_2Ck1YvrNuxh5l65,QID13148,woman
1303,R_2Ck1YvrNuxh5l65,QID13208,man
1304,R_2Ck1YvrNuxh5l65,QID13223,baby
1305,R_2Ck1YvrNuxh5l65,QID13227,mother
1306,R_2Ck1YvrNuxh5l65,QID13232,none
1307,R_2Ck1YvrNuxh5l65,QID13326,none
1308,R_2Ck1YvrNuxh5l65,QID13361,grandfather
1309,R_2Ck1YvrNuxh5l65,QID13444,relative
1310,R_2Ck1YvrNuxh5l65,QID13539,none
1311,R_2Ck1YvrNuxh5l65,QID13560,none
1312,R_2Ck1YvrNuxh5l65,QID13580,father
1313,R_2Ck1YvrNuxh5l65,QID13586,father
1314,R_2Ck1YvrNuxh5l65,QID13674,maker
1315,R_2Ck1YvrNuxh5l65,QID13750,orthodontist
1316,R_2Ck1YvrNuxh5l65,QID13752,daughter
1317,R_2Ck1YvrNuxh5l65,QID13789,none
1318,R_2Ck1YvrNuxh5l65,QID13810,father
1319,R_2Ck1YvrNuxh5l65,QID13812,son
1320,R_2dte532F56Vx9ON,QID12324,baby
1321,R_2dte532F56Vx9ON,QID12363,orthodontist
1322,R_2dte532F56Vx9ON,QID12373,none
1323,R_2dte532F56Vx9ON,QID12395,teacher
1324,R_2dte532F56Vx9ON,QID12422,creator
1325,R_2dte532F56Vx9ON,QID12429,none
1326,R_2dte532F56Vx9ON,QID12477,daughter
1327,R_2dte532F56Vx9ON,QID12622,none
1328,R_2dte532F56Vx9ON,QID12655,sibling
1329,R_2dte532F56Vx9ON,QID12680,daughter
1330,R_2dte532F56Vx9ON,QID12759,guy
1331,R_2dte532F56Vx9ON,QID12789,relative
1332,R_2dte532F56Vx9ON,QID12861,gentleman
1333,R_2dte532F56Vx9ON,QID12911,clinton_supporter
1334,R_2dte532F56Vx9ON,QID12921,wife
1335,R_2dte532F56Vx9ON,QID12923,minister
1336,R_2dte532F56Vx9ON,QID13020,father
1337,R_2dte532F56Vx9ON,QID13059,follower
1338,R_2dte532F56Vx9ON,QID13065,adversary
1339,R_2dte532F56Vx9ON,QID13067,toddler
1340,R_2dte532F56Vx9ON,QID13108,daughter
1341,R_2dte532F56Vx9ON,QID13188,friend
1342,R_2dte532F56Vx9ON,QID13286,rabbi
1343,R_2dte532F56Vx9ON,QID13316,adversary
1344,R_2dte532F56Vx9ON,QID13336,minor
1345,R_2dte532F56Vx9ON,QID13349,friend
1346,R_2dte532F56Vx9ON,QID13440,mother
1347,R_2dte532F56Vx9ON,QID13471,son
1348,R_2dte532F56Vx9ON,QID13478,orthodontist
1349,R_2dte532F56Vx9ON,QID13482,woman
1350,R_2dte532F56Vx9ON,QID13530,man
1351,R_2dte532F56Vx9ON,QID13535,baby
1352,R_2dte532F56Vx9ON,QID13552,none
1353,R_2dte532F56Vx9ON,QID13584,manager
1354,R_2dte532F56Vx9ON,QID13701,mother
1355,R_2dte532F56Vx9ON,QID13709,none
1356,R_2dte532F56Vx9ON,QID13742,wife
1357,R_2dte532F56Vx9ON,QID13773,man
1358,R_2dte532F56Vx9ON,QID13834,middle_class
1359,R_2dte532F56Vx9ON,QID13842,mother
1360,R_2v16o27W9TCK7ML,QID12305,drunk
1361,R_2v16o27W9TCK7ML,QID12314,none
1362,R_2v16o27W9TCK7ML,QID12368,coach
1363,R_2v16o27W9TCK7ML,QID12410,minor
1364,R_2v16o27W9TCK7ML,QID12438,middle_class
1365,R_2v16o27W9TCK7ML,QID12440,minister
1366,R_2v16o27W9TCK7ML,QID12492,none
1367,R_2v16o27W9TCK7ML,QID12629,professional
1368,R_2v16o27W9TCK7ML,QID12638,man
1369,R_2v16o27W9TCK7ML,QID12647,writer
1370,R_2v16o27W9TCK7ML,QID12710,baby
1371,R_2v16o27W9TCK7ML,QID12903,none
1372,R_2v16o27W9TCK7ML,QID12917,father
1373,R_2v16o27W9TCK7ML,QID12967,none
1374,R_2v16o27W9TCK7ML,QID13008,journalist
1375,R_2v16o27W9TCK7ML,QID13009,dad
1376,R_2v16o27W9TCK7ML,QID13019,none
1377,R_2v16o27W9TCK7ML,QID13038,teacher
1378,R_2v16o27W9TCK7ML,QID13067,toddler
1379,R_2v16o27W9TCK7ML,QID13089,adversary
1380,R_2v16o27W9TCK7ML,QID13130,none
1381,R_2v16o27W9TCK7ML,QID13136,orthodontist
1382,R_2v16o27W9TCK7ML,QID13147,husband
1383,R_2v16o27W9TCK7ML,QID13206,father
1384,R_2v16o27W9TCK7ML,QID13270,kid
1385,R_2v16o27W9TCK7ML,QID13397,friend
1386,R_2v16o27W9TCK7ML,QID13408,brother
1387,R_2v16o27W9TCK7ML,QID13433,father
1388,R_2v16o27W9TCK7ML,QID13473,minister
1389,R_2v16o27W9TCK7ML,QID13493,none
1390,R_2v16o27W9TCK7ML,QID13582,wife
1391,R_2v16o27W9TCK7ML,QID13601,academic
1392,R_2v16o27W9TCK7ML,QID13658,none
1393,R_2v16o27W9TCK7ML,QID13682,creator
1394,R_2v16o27W9TCK7ML,QID13694,none
1395,R_2v16o27W9TCK7ML,QID13712,adult
1396,R_2v16o27W9TCK7ML,QID13756,boy
1397,R_2v16o27W9TCK7ML,QID13801,none
1398,R_2v16o27W9TCK7ML,QID13807,candidate
1399,R_2v16o27W9TCK7ML,QID13893,baby
1400,R_2YG6Mciw9RbDR8k,QID12323,teacher
1401,R_2YG6Mciw9RbDR8k,QID12342,baby
1402,R_2YG6Mciw9RbDR8k,QID12370,none
1403,R_2YG6Mciw9RbDR8k,QID12386,rabbi
1404,R_2YG6Mciw9RbDR8k,QID12400,helper
1405,R_2YG6Mciw9RbDR8k,QID12437,relative
1406,R_2YG6Mciw9RbDR8k,QID12493,bishop
1407,R_2YG6Mciw9RbDR8k,QID12498,maker
1408,R_2YG6Mciw9RbDR8k,QID12504,mother
1409,R_2YG6Mciw9RbDR8k,QID12621,guardian
1410,R_2YG6Mciw9RbDR8k,QID12717,minister
1411,R_2YG6Mciw9RbDR8k,QID12784,father
1412,R_2YG6Mciw9RbDR8k,QID12899,none
1413,R_2YG6Mciw9RbDR8k,QID12905,guy
1414,R_2YG6Mciw9RbDR8k,QID12986,senator
1415,R_2YG6Mciw9RbDR8k,QID13004,baby
1416,R_2YG6Mciw9RbDR8k,QID13031,rabbi
1417,R_2YG6Mciw9RbDR8k,QID13061,father
1418,R_2YG6Mciw9RbDR8k,QID13069,man
1419,R_2YG6Mciw9RbDR8k,QID13080,minister
1420,R_2YG6Mciw9RbDR8k,QID13100,wife
1421,R_2YG6Mciw9RbDR8k,QID13139,orthodontist
1422,R_2YG6Mciw9RbDR8k,QID13185,father
1423,R_2YG6Mciw9RbDR8k,QID13276,brother
1424,R_2YG6Mciw9RbDR8k,QID13304,none
1425,R_2YG6Mciw9RbDR8k,QID13334,none
1426,R_2YG6Mciw9RbDR8k,QID13360,niece
1427,R_2YG6Mciw9RbDR8k,QID13394,bishop
1428,R_2YG6Mciw9RbDR8k,QID13412,father
1429,R_2YG6Mciw9RbDR8k,QID13497,brother
1430,R_2YG6Mciw9RbDR8k,QID13639,adversary
1431,R_2YG6Mciw9RbDR8k,QID13677,mother
1432,R_2YG6Mciw9RbDR8k,QID13708,teacher
1433,R_2YG6Mciw9RbDR8k,QID13738,mother
1434,R_2YG6Mciw9RbDR8k,QID13788,middle_class
1435,R_2YG6Mciw9RbDR8k,QID13796,son
1436,R_2YG6Mciw9RbDR8k,QID13828,candidate
1437,R_2YG6Mciw9RbDR8k,QID13846,parent
1438,R_2YG6Mciw9RbDR8k,QID13869,dad
1439,R_2YG6Mciw9RbDR8k,QID13891,daughter
1440,R_2Qs1J3wE8HIne0g,QID12346,employer
1441,R_2Qs1J3wE8HIne0g,QID12415,father
1442,R_2Qs1J3wE8HIne0g,QID12462,opponent
1443,R_2Qs1J3wE8HIne0g,QID12469,dad
1444,R_2Qs1J3wE8HIne0g,QID12536,friend
1445,R_2Qs1J3wE8HIne0g,QID12617,ceo
1446,R_2Qs1J3wE8HIne0g,QID12627,father
1447,R_2Qs1J3wE8HIne0g,QID12644,paranoid
1448,R_2Qs1J3wE8HIne0g,QID12646,boy
1449,R_2Qs1J3wE8HIne0g,QID12675,none
1450,R_2Qs1J3wE8HIne0g,QID12710,baby
1451,R_2Qs1J3wE8HIne0g,QID12860,parent
1452,R_2Qs1J3wE8HIne0g,QID12928,friend
1453,R_2Qs1J3wE8HIne0g,QID12945,none
1454,R_2Qs1J3wE8HIne0g,QID12961,expert
1455,R_2Qs1J3wE8HIne0g,QID13028,jew
1456,R_2Qs1J3wE8HIne0g,QID13034,father
1457,R_2Qs1J3wE8HIne0g,QID13042,father
1458,R_2Qs1J3wE8HIne0g,QID13057,mother
1459,R_2Qs1J3wE8HIne0g,QID13089,adversary
1460,R_2Qs1J3wE8HIne0g,QID13176,dentist
1461,R_2Qs1J3wE8HIne0g,QID13191,rich
1462,R_2Qs1J3wE8HIne0g,QID13197,father
1463,R_2Qs1J3wE8HIne0g,QID13274,friend
1464,R_2Qs1J3wE8HIne0g,QID13278,gunman
1465,R_2Qs1J3wE8HIne0g,QID13301,dentist
1466,R_2Qs1J3wE8HIne0g,QID13366,brother
1467,R_2Qs1J3wE8HIne0g,QID13370,opponent
1468,R_2Qs1J3wE8HIne0g,QID13427,parent
1469,R_2Qs1J3wE8HIne0g,QID13450,opponent
1470,R_2Qs1J3wE8HIne0g,QID13556,teacher
1471,R_2Qs1J3wE8HIne0g,QID13607,mother
1472,R_2Qs1J3wE8HIne0g,QID13614,dad
1473,R_2Qs1J3wE8HIne0g,QID13621,mother
1474,R_2Qs1J3wE8HIne0g,QID13625,candidate
1475,R_2Qs1J3wE8HIne0g,QID13739,brother
1476,R_2Qs1J3wE8HIne0g,QID13745,daughter
1477,R_2Qs1J3wE8HIne0g,QID13772,loser
1478,R_2Qs1J3wE8HIne0g,QID13785,none
1479,R_2Qs1J3wE8HIne0g,QID13886,mother
1480,R_SNTJlCOQjCGdHmp,QID12357,none
1481,R_SNTJlCOQjCGdHmp,QID12414,spouse
1482,R_SNTJlCOQjCGdHmp,QID12461,teacher
1483,R_SNTJlCOQjCGdHmp,QID12494,groom
1484,R_SNTJlCOQjCGdHmp,QID12550,minister
1485,R_SNTJlCOQjCGdHmp,QID12558,none
1486,R_SNTJlCOQjCGdHmp,QID12561,sinner
1487,R_SNTJlCOQjCGdHmp,QID12572,mother
1488,R_SNTJlCOQjCGdHmp,QID12622,parent
1489,R_SNTJlCOQjCGdHmp,QID12642,none
1490,R_SNTJlCOQjCGdHmp,QID12717,minister
1491,R_SNTJlCOQjCGdHmp,QID12784,none
1492,R_SNTJlCOQjCGdHmp,QID12899,teacher
1493,R_SNTJlCOQjCGdHmp,QID12905,none
1494,R_SNTJlCOQjCGdHmp,QID12986,winner
1495,R_SNTJlCOQjCGdHmp,QID13004,baby
1496,R_SNTJlCOQjCGdHmp,QID13031,rabbi
1497,R_SNTJlCOQjCGdHmp,QID13061,none
1498,R_SNTJlCOQjCGdHmp,QID13069,none
1499,R_SNTJlCOQjCGdHmp,QID13080,minister
1500,R_SNTJlCOQjCGdHmp,QID13189,none
1501,R_SNTJlCOQjCGdHmp,QID13272,priest
1502,R_SNTJlCOQjCGdHmp,QID13280,none
1503,R_SNTJlCOQjCGdHmp,QID13356,orthodontist
1504,R_SNTJlCOQjCGdHmp,QID13387,adult
1505,R_SNTJlCOQjCGdHmp,QID13411,virgin
1506,R_SNTJlCOQjCGdHmp,QID13437,dentist
1507,R_SNTJlCOQjCGdHmp,QID13443,rabbi
1508,R_SNTJlCOQjCGdHmp,QID13457,companion
1509,R_SNTJlCOQjCGdHmp,QID13479,father
1510,R_SNTJlCOQjCGdHmp,QID13543,guy
1511,R_SNTJlCOQjCGdHmp,QID13588,none
1512,R_SNTJlCOQjCGdHmp,QID13626,dentist
1513,R_SNTJlCOQjCGdHmp,QID13680,daughter
1514,R_SNTJlCOQjCGdHmp,QID13690,none
1515,R_SNTJlCOQjCGdHmp,QID13769,none
1516,R_SNTJlCOQjCGdHmp,QID13771,guardian
1517,R_SNTJlCOQjCGdHmp,QID13800,father
1518,R_SNTJlCOQjCGdHmp,QID13826,adversary
1519,R_SNTJlCOQjCGdHmp,QID13858,child
1520,R_XOmlIFmzLrZg74d,QID12321,consultant
1521,R_XOmlIFmzLrZg74d,QID12410,none
1522,R_XOmlIFmzLrZg74d,QID12416,none
1523,R_XOmlIFmzLrZg74d,QID12512,none
1524,R_XOmlIFmzLrZg74d,QID12513,none
1525,R_XOmlIFmzLrZg74d,QID12562,none
1526,R_XOmlIFmzLrZg74d,QID12586,none
1527,R_XOmlIFmzLrZg74d,QID12589,none
1528,R_XOmlIFmzLrZg74d,QID12598,none
1529,R_XOmlIFmzLrZg74d,QID12667,none
1530,R_XOmlIFmzLrZg74d,QID12722,guardian
1531,R_XOmlIFmzLrZg74d,QID12726,orthodontist
1532,R_XOmlIFmzLrZg74d,QID12762,none
1533,R_XOmlIFmzLrZg74d,QID12806,wife
1534,R_XOmlIFmzLrZg74d,QID12809,none
1535,R_XOmlIFmzLrZg74d,QID12840,father
1536,R_XOmlIFmzLrZg74d,QID12854,dad
1537,R_XOmlIFmzLrZg74d,QID12866,father
1538,R_XOmlIFmzLrZg74d,QID12890,brother
1539,R_XOmlIFmzLrZg74d,QID12966,none
1540,R_XOmlIFmzLrZg74d,QID13102,none
1541,R_XOmlIFmzLrZg74d,QID13149,none
1542,R_XOmlIFmzLrZg74d,QID13229,none
1543,R_XOmlIFmzLrZg74d,QID13255,none
1544,R_XOmlIFmzLrZg74d,QID13299,consultant
1545,R_XOmlIFmzLrZg74d,QID13326,none
1546,R_XOmlIFmzLrZg74d,QID13328,none
1547,R_XOmlIFmzLrZg74d,QID13371,none
1548,R_XOmlIFmzLrZg74d,QID13387,none
1549,R_XOmlIFmzLrZg74d,QID13449,none
1550,R_XOmlIFmzLrZg74d,QID13546,none
1551,R_XOmlIFmzLrZg74d,QID13572,none
1552,R_XOmlIFmzLrZg74d,QID13590,none
1553,R_XOmlIFmzLrZg74d,QID13609,none
1554,R_XOmlIFmzLrZg74d,QID13667,none
1555,R_XOmlIFmzLrZg74d,QID13742,none
1556,R_XOmlIFmzLrZg74d,QID13796,son
1557,R_XOmlIFmzLrZg74d,QID13800,none
1558,R_XOmlIFmzLrZg74d,QID13815,none
1559,R_XOmlIFmzLrZg74d,QID13828,none
1560,R_3GuH2WLAf4SZHov,QID12316,creator
1561,R_3GuH2WLAf4SZHov,QID12347,father
1562,R_3GuH2WLAf4SZHov,QID12418,daughter
1563,R_3GuH2WLAf4SZHov,QID12435,none
1564,R_3GuH2WLAf4SZHov,QID12557,none
1565,R_3GuH2WLAf4SZHov,QID12603,none
1566,R_3GuH2WLAf4SZHov,QID12636,none
1567,R_3GuH2WLAf4SZHov,QID12662,father
1568,R_3GuH2WLAf4SZHov,QID12669,father
1569,R_3GuH2WLAf4SZHov,QID12682,none
1570,R_3GuH2WLAf4SZHov,QID12738,sibling
1571,R_3GuH2WLAf4SZHov,QID12740,none
1572,R_3GuH2WLAf4SZHov,QID12837,adversary
1573,R_3GuH2WLAf4SZHov,QID12911,winner
1574,R_3GuH2WLAf4SZHov,QID12952,none
1575,R_3GuH2WLAf4SZHov,QID12953,worker
1576,R_3GuH2WLAf4SZHov,QID12980,friend
1577,R_3GuH2WLAf4SZHov,QID13037,archbishop
1578,R_3GuH2WLAf4SZHov,QID13039,creator
1579,R_3GuH2WLAf4SZHov,QID13059,none
1580,R_3GuH2WLAf4SZHov,QID13138,father
1581,R_3GuH2WLAf4SZHov,QID13222,none
1582,R_3GuH2WLAf4SZHov,QID13272,brother
1583,R_3GuH2WLAf4SZHov,QID13278,gunman
1584,R_3GuH2WLAf4SZHov,QID13317,none
1585,R_3GuH2WLAf4SZHov,QID13388,none
1586,R_3GuH2WLAf4SZHov,QID13401,none
1587,R_3GuH2WLAf4SZHov,QID13455,none
1588,R_3GuH2WLAf4SZHov,QID13486,baby
1589,R_3GuH2WLAf4SZHov,QID13491,none
1590,R_3GuH2WLAf4SZHov,QID13625,none
1591,R_3GuH2WLAf4SZHov,QID13627,wife
1592,R_3GuH2WLAf4SZHov,QID13673,father
1593,R_3GuH2WLAf4SZHov,QID13759,father
1594,R_3GuH2WLAf4SZHov,QID13811,none
1595,R_3GuH2WLAf4SZHov,QID13812,son
1596,R_3GuH2WLAf4SZHov,QID13813,none
1597,R_3GuH2WLAf4SZHov,QID13816,none
1598,R_3GuH2WLAf4SZHov,QID13881,none
1599,R_3GuH2WLAf4SZHov,QID13895,parent
1600,R_3iUz0p0pAi2x4Y9,QID12339,child
1601,R_3iUz0p0pAi2x4Y9,QID12426,none
1602,R_3iUz0p0pAi2x4Y9,QID12503,mother
1603,R_3iUz0p0pAi2x4Y9,QID12517,father
1604,R_3iUz0p0pAi2x4Y9,QID12537,father
1605,R_3iUz0p0pAi2x4Y9,QID12551,rabbi
1606,R_3iUz0p0pAi2x4Y9,QID12569,dad
1607,R_3iUz0p0pAi2x4Y9,QID12635,none
1608,R_3iUz0p0pAi2x4Y9,QID12663,scientist
1609,R_3iUz0p0pAi2x4Y9,QID12696,orthodontist
1610,R_3iUz0p0pAi2x4Y9,QID12728,none
1611,R_3iUz0p0pAi2x4Y9,QID12778,none
1612,R_3iUz0p0pAi2x4Y9,QID12799,winner
1613,R_3iUz0p0pAi2x4Y9,QID12807,hooker
1614,R_3iUz0p0pAi2x4Y9,QID12918,mother
1615,R_3iUz0p0pAi2x4Y9,QID12923,minister
1616,R_3iUz0p0pAi2x4Y9,QID12979,rabbi
1617,R_3iUz0p0pAi2x4Y9,QID12984,none
1618,R_3iUz0p0pAi2x4Y9,QID13020,father
1619,R_3iUz0p0pAi2x4Y9,QID13066,baby
1620,R_3iUz0p0pAi2x4Y9,QID13128,adult
1621,R_3iUz0p0pAi2x4Y9,QID13223,none
1622,R_3iUz0p0pAi2x4Y9,QID13279,none
1623,R_3iUz0p0pAi2x4Y9,QID13329,son
1624,R_3iUz0p0pAi2x4Y9,QID13333,none
1625,R_3iUz0p0pAi2x4Y9,QID13340,daughter
1626,R_3iUz0p0pAi2x4Y9,QID13352,none
1627,R_3iUz0p0pAi2x4Y9,QID13375,none
1628,R_3iUz0p0pAi2x4Y9,QID13392,none
1629,R_3iUz0p0pAi2x4Y9,QID13475,none
1630,R_3iUz0p0pAi2x4Y9,QID13523,none
1631,R_3iUz0p0pAi2x4Y9,QID13524,none
1632,R_3iUz0p0pAi2x4Y9,QID13537,none
1633,R_3iUz0p0pAi2x4Y9,QID13686,winner
1634,R_3iUz0p0pAi2x4Y9,QID13691,none
1635,R_3iUz0p0pAi2x4Y9,QID13727,none
1636,R_3iUz0p0pAi2x4Y9,QID13835,opponent
1637,R_3iUz0p0pAi2x4Y9,QID13849,minor
1638,R_3iUz0p0pAi2x4Y9,QID13850,none
1639,R_3iUz0p0pAi2x4Y9,QID13879,none
1640,R_2fpPdbiTtStEHan,QID12332,son
1641,R_2fpPdbiTtStEHan,QID12352,parent
1642,R_2fpPdbiTtStEHan,QID12392,relative
1643,R_2fpPdbiTtStEHan,QID12432,lover
1644,R_2fpPdbiTtStEHan,QID12442,daughter
1645,R_2fpPdbiTtStEHan,QID12490,none
1646,R_2fpPdbiTtStEHan,QID12574,adult
1647,R_2fpPdbiTtStEHan,QID12592,none
1648,R_2fpPdbiTtStEHan,QID12639,adversary
1649,R_2fpPdbiTtStEHan,QID12659,orthodontist
1650,R_2fpPdbiTtStEHan,QID12738,daughter
1651,R_2fpPdbiTtStEHan,QID12790,daughter
1652,R_2fpPdbiTtStEHan,QID12822,wife
1653,R_2fpPdbiTtStEHan,QID12849,father
1654,R_2fpPdbiTtStEHan,QID12880,adult
1655,R_2fpPdbiTtStEHan,QID12897,adversary
1656,R_2fpPdbiTtStEHan,QID12900,parent
1657,R_2fpPdbiTtStEHan,QID12915,none
1658,R_2fpPdbiTtStEHan,QID13035,baby
1659,R_2fpPdbiTtStEHan,QID13068,maker
1660,R_2fpPdbiTtStEHan,QID13118,none
1661,R_2fpPdbiTtStEHan,QID13161,parent
1662,R_2fpPdbiTtStEHan,QID13186,daughter
1663,R_2fpPdbiTtStEHan,QID13210,none
1664,R_2fpPdbiTtStEHan,QID13245,creator
1665,R_2fpPdbiTtStEHan,QID13324,cop
1666,R_2fpPdbiTtStEHan,QID13381,man
1667,R_2fpPdbiTtStEHan,QID13423,brother
1668,R_2fpPdbiTtStEHan,QID13435,none
1669,R_2fpPdbiTtStEHan,QID13459,democrat
1670,R_2fpPdbiTtStEHan,QID13533,son
1671,R_2fpPdbiTtStEHan,QID13594,dentist
1672,R_2fpPdbiTtStEHan,QID13653,mentor
1673,R_2fpPdbiTtStEHan,QID13669,punk
1674,R_2fpPdbiTtStEHan,QID13675,maker
1675,R_2fpPdbiTtStEHan,QID13686,executive
1676,R_2fpPdbiTtStEHan,QID13697,adversary
1677,R_2fpPdbiTtStEHan,QID13733,father
1678,R_2fpPdbiTtStEHan,QID13759,father
1679,R_2fpPdbiTtStEHan,QID13874,girlfriend
